"","year","model","temp","scenario","tempC"
"1",1960,"Observed",64.98364258,"hist",18.3242458777778
"2",1961,"Observed",64.6078186,"hist",18.1154547777778
"3",1962,"Observed",64.60528564,"hist",18.1140475777778
"4",1963,"Observed",64.26570129,"hist",17.9253896055556
"5",1964,"Observed",62.76147461,"hist",17.0897081166667
"6",1965,"Observed",62.81739426,"hist",17.1207745888889
"7",1966,"Observed",65.28959656,"hist",18.4942203111111
"8",1967,"Observed",63.7468071,"hist",17.6371150555556
"9",1968,"Observed",63.77086639,"hist",17.6504813277778
"10",1969,"Observed",63.8346405,"hist",17.6859113888889
"11",1970,"Observed",63.40125656,"hist",17.4451425333333
"12",1971,"Observed",62.32136536,"hist",16.8452029777778
"13",1972,"Observed",63.34639359,"hist",17.4146631055556
"14",1973,"Observed",63.0569458,"hist",17.2538587777778
"15",1974,"Observed",64.58860779,"hist",18.1047821055556
"16",1975,"Observed",62.07388306,"hist",16.7077128111111
"17",1976,"Observed",64.46325684,"hist",18.0351426888889
"18",1977,"Observed",64.86676025,"hist",18.25931125
"19",1978,"Observed",63.14242554,"hist",17.3013475222222
"20",1979,"Observed",64.04711914,"hist",17.8039550777778
"21",1980,"Observed",64.43521118,"hist",18.0195617666667
"22",1981,"Observed",66.13949585,"hist",18.9663865833333
"23",1982,"Observed",61.08689117,"hist",16.1593839833333
"24",1983,"Observed",61.94887543,"hist",16.6382641277778
"25",1984,"Observed",61.99925613,"hist",16.6662534055556
"26",1985,"Observed",62.75578308,"hist",17.0865461555556
"27",1986,"Observed",65.41249847,"hist",18.56249915
"28",1987,"Observed",64.17486572,"hist",17.8749254
"29",1988,"Observed",64.60919189,"hist",18.1162177166667
"30",1989,"Observed",64.31231689,"hist",17.9512871611111
"31",1990,"Observed",63.98265839,"hist",17.76814355
"32",1991,"Observed",63.27310944,"hist",17.3739496888889
"33",1960,"ACCESS1.0",63.04933929,"hist",17.2496329388889
"34",1961,"ACCESS1.0",64.56440735,"hist",18.0913374166667
"35",1962,"ACCESS1.0",62.45327759,"hist",16.91848755
"36",1963,"ACCESS1.0",66.41423035,"hist",19.1190168611111
"37",1964,"ACCESS1.0",64.79000854,"hist",18.2166714111111
"38",1965,"ACCESS1.0",63.51636887,"hist",17.5090938166667
"39",1966,"ACCESS1.0",61.48384094,"hist",16.3799116333333
"40",1967,"ACCESS1.0",65.2588501,"hist",18.4771389444444
"41",1968,"ACCESS1.0",60.45793915,"hist",15.8099661944444
"42",1969,"ACCESS1.0",61.91532898,"hist",16.6196272111111
"43",1970,"ACCESS1.0",66.03691101,"hist",18.9093950055556
"44",1971,"ACCESS1.0",63.17837524,"hist",17.3213195777778
"45",1972,"ACCESS1.0",64.68135834,"hist",18.1563101888889
"46",1973,"ACCESS1.0",63.28752136,"hist",17.3819563111111
"47",1974,"ACCESS1.0",63.48401642,"hist",17.4911202333333
"48",1975,"ACCESS1.0",63.69528198,"hist",17.6084899888889
"49",1976,"ACCESS1.0",61.13519287,"hist",16.1862182611111
"50",1977,"ACCESS1.0",65.68281555,"hist",18.7126753055556
"51",1978,"ACCESS1.0",62.78852463,"hist",17.1047359055556
"52",1979,"ACCESS1.0",62.18196869,"hist",16.7677603833333
"53",1980,"ACCESS1.0",63.55355835,"hist",17.5297546388889
"54",1981,"ACCESS1.0",65.301651,"hist",18.5009172222222
"55",1982,"ACCESS1.0",62.25585175,"hist",16.8088065277778
"56",1983,"ACCESS1.0",64.61477661,"hist",18.1193203388889
"57",1984,"ACCESS1.0",61.46615601,"hist",16.3700866722222
"58",1985,"ACCESS1.0",65.66282654,"hist",18.7015703
"59",1986,"ACCESS1.0",63.82212067,"hist",17.6789559277778
"60",1987,"ACCESS1.0",64.1710434,"hist",17.8728018888889
"61",1988,"ACCESS1.0",63.53295898,"hist",17.5183105444444
"62",1989,"ACCESS1.0",64.45723724,"hist",18.0317984666667
"63",1990,"ACCESS1.0",64.94398499,"hist",18.3022138833333
"64",1991,"ACCESS1.0",64.15087891,"hist",17.8615993944444
"65",1960,"CanESM2",64.2285614,"hist",17.9047563333333
"66",1961,"CanESM2",63.04598999,"hist",17.2477722166667
"67",1962,"CanESM2",64.98606873,"hist",18.3255937388889
"68",1963,"CanESM2",65.68605804,"hist",18.7144766888889
"69",1964,"CanESM2",62.54984665,"hist",16.9721370277778
"70",1965,"CanESM2",60.74578094,"hist",15.9698783
"71",1966,"CanESM2",61.68588257,"hist",16.4921569833333
"72",1967,"CanESM2",65.30604553,"hist",18.5033586277778
"73",1968,"CanESM2",62.4438858,"hist",16.9132698888889
"74",1969,"CanESM2",63.75773621,"hist",17.6431867833333
"75",1970,"CanESM2",62.40037537,"hist",16.8890974277778
"76",1971,"CanESM2",62.39081955,"hist",16.8837886388889
"77",1972,"CanESM2",64.20191956,"hist",17.8899553111111
"78",1973,"CanESM2",62.19273376,"hist",16.7737409777778
"79",1974,"CanESM2",63.91929245,"hist",17.73294025
"80",1975,"CanESM2",64.35110474,"hist",17.9728359666667
"81",1976,"CanESM2",64.81445313,"hist",18.2302517388889
"82",1977,"CanESM2",62.05936432,"hist",16.6996468444444
"83",1978,"CanESM2",64.94728088,"hist",18.3040449333333
"84",1979,"CanESM2",64.99517822,"hist",18.3306545666667
"85",1980,"CanESM2",66.53590393,"hist",19.1866132944444
"86",1981,"CanESM2",65.50006104,"hist",18.6111450222222
"87",1982,"CanESM2",62.63548279,"hist",17.0197126611111
"88",1983,"CanESM2",63.25450897,"hist",17.3636160944444
"89",1984,"CanESM2",64.01965332,"hist",17.7886962888889
"90",1985,"CanESM2",63.38068771,"hist",17.4337153944444
"91",1986,"CanESM2",64.21443939,"hist",17.8969107722222
"92",1987,"CanESM2",63.80635071,"hist",17.6701948388889
"93",1988,"CanESM2",63.3093338,"hist",17.3940743333333
"94",1989,"CanESM2",63.77526093,"hist",17.6529227388889
"95",1990,"CanESM2",64.04969788,"hist",17.8053877111111
"96",1991,"CanESM2",65.81361389,"hist",18.78534105
"97",1960,"CCSM4",62.78665924,"hist",17.1036995777778
"98",1961,"CCSM4",61.97888947,"hist",16.6549385944444
"99",1962,"CCSM4",62.56588745,"hist",16.9810485833333
"100",1963,"CCSM4",62.54600143,"hist",16.9700007944444
"101",1964,"CCSM4",62.8138504,"hist",17.1188057777778
"102",1965,"CCSM4",60.73429871,"hist",15.9634992833333
"103",1966,"CCSM4",65.28137207,"hist",18.48965115
"104",1967,"CCSM4",65.14321899,"hist",18.4128994388889
"105",1968,"CCSM4",63.01478577,"hist",17.2304365388889
"106",1969,"CCSM4",62.74650192,"hist",17.0813899555556
"107",1970,"CCSM4",64.38632202,"hist",17.9924011222222
"108",1971,"CCSM4",63.66083908,"hist",17.5893550444444
"109",1972,"CCSM4",63.32960129,"hist",17.40533405
"110",1973,"CCSM4",64.94178772,"hist",18.3009931777778
"111",1974,"CCSM4",62.23893356,"hist",16.7994075333333
"112",1975,"CCSM4",64.21652222,"hist",17.8980679
"113",1976,"CCSM4",63.24857712,"hist",17.3603206222222
"114",1977,"CCSM4",65.13768005,"hist",18.40982225
"115",1978,"CCSM4",64.73991394,"hist",18.1888410777778
"116",1979,"CCSM4",63.13953781,"hist",17.2997432277778
"117",1980,"CCSM4",64.50502777,"hist",18.0583487611111
"118",1981,"CCSM4",66.97480774,"hist",19.4304487444444
"119",1982,"CCSM4",64.09106445,"hist",17.8283691388889
"120",1983,"CCSM4",63.32844543,"hist",17.4046919055556
"121",1984,"CCSM4",61.65605164,"hist",16.4755842444444
"122",1985,"CCSM4",64.83137512,"hist",18.2396528444444
"123",1986,"CCSM4",67.2888031,"hist",19.6048906111111
"124",1987,"CCSM4",65.09010315,"hist",18.3833906388889
"125",1988,"CCSM4",64.32292938,"hist",17.9571829888889
"126",1989,"CCSM4",64.94360352,"hist",18.3020019555556
"127",1990,"CCSM4",65.86321259,"hist",18.8128958833333
"128",1991,"CCSM4",64.34929657,"hist",17.9718314277778
"129",1960,"CESM1.BGC",64.21795654,"hist",17.8988647444444
"130",1961,"CESM1.BGC",63.5452652,"hist",17.5251473333333
"131",1962,"CESM1.BGC",64.10018158,"hist",17.8334342111111
"132",1963,"CESM1.BGC",62.87575531,"hist",17.1531973944444
"133",1964,"CESM1.BGC",62.95914459,"hist",17.1995247722222
"134",1965,"CESM1.BGC",61.19419098,"hist",16.2189949888889
"135",1966,"CESM1.BGC",62.88492966,"hist",17.1582942555556
"136",1967,"CESM1.BGC",64.79204559,"hist",18.2178031055556
"137",1968,"CESM1.BGC",64.41631317,"hist",18.0090628722222
"138",1969,"CESM1.BGC",60.90090942,"hist",16.0560607888889
"139",1970,"CESM1.BGC",63.57778168,"hist",17.5432120444444
"140",1971,"CESM1.BGC",62.01563644,"hist",16.6753535777778
"141",1972,"CESM1.BGC",63.04856873,"hist",17.24920485
"142",1973,"CESM1.BGC",63.1041069,"hist",17.2800593888889
"143",1974,"CESM1.BGC",63.7275238,"hist",17.6264021111111
"144",1975,"CESM1.BGC",63.33443451,"hist",17.4080191722222
"145",1976,"CESM1.BGC",62.37483215,"hist",16.87490675
"146",1977,"CESM1.BGC",66.18022156,"hist",18.9890119777778
"147",1978,"CESM1.BGC",62.94139862,"hist",17.1896659
"148",1979,"CESM1.BGC",65.42803955,"hist",18.5711330833333
"149",1980,"CESM1.BGC",63.98905563,"hist",17.7716975722222
"150",1981,"CESM1.BGC",64.07216644,"hist",17.8178702444444
"151",1982,"CESM1.BGC",63.55729294,"hist",17.5318294111111
"152",1983,"CESM1.BGC",64.55644226,"hist",18.0869123666667
"153",1984,"CESM1.BGC",64.28964233,"hist",17.9386901833333
"154",1985,"CESM1.BGC",65.30944824,"hist",18.5052490222222
"155",1986,"CESM1.BGC",64.18692017,"hist",17.8816223166667
"156",1987,"CESM1.BGC",63.69830322,"hist",17.6101684555556
"157",1988,"CESM1.BGC",65.96038818,"hist",18.8668823222222
"158",1989,"CESM1.BGC",64.59901428,"hist",18.1105634888889
"159",1990,"CESM1.BGC",64.24053192,"hist",17.9114066222222
"160",1991,"CESM1.BGC",65.39425659,"hist",18.5523647722222
"161",1960,"CMCC.CMS",62.58763886,"hist",16.9931327
"162",1961,"CMCC.CMS",64.99737549,"hist",18.3318752722222
"163",1962,"CMCC.CMS",63.76652527,"hist",17.6480695944444
"164",1963,"CMCC.CMS",65.27154541,"hist",18.4841918944444
"165",1964,"CMCC.CMS",62.40631104,"hist",16.8923950222222
"166",1965,"CMCC.CMS",63.49000168,"hist",17.4944453777778
"167",1966,"CMCC.CMS",65.47045136,"hist",18.5946952
"168",1967,"CMCC.CMS",60.20080566,"hist",15.6671142555556
"169",1968,"CMCC.CMS",62.64004517,"hist",17.0222473166667
"170",1969,"CMCC.CMS",63.11267853,"hist",17.2848214055556
"171",1970,"CMCC.CMS",63.74279785,"hist",17.6348876944444
"172",1971,"CMCC.CMS",63.80509186,"hist",17.6694954777778
"173",1972,"CMCC.CMS",61.38578796,"hist",16.3254377555556
"174",1973,"CMCC.CMS",66.55722046,"hist",19.1984558111111
"175",1974,"CMCC.CMS",66.4380188,"hist",19.1322326666667
"176",1975,"CMCC.CMS",64.40895081,"hist",18.0049726722222
"177",1976,"CMCC.CMS",63.94071579,"hist",17.7448421055556
"178",1977,"CMCC.CMS",62.62543488,"hist",17.0141304888889
"179",1978,"CMCC.CMS",63.86408615,"hist",17.7022700833333
"180",1979,"CMCC.CMS",63.53367233,"hist",17.51870685
"181",1980,"CMCC.CMS",63.83453369,"hist",17.68585205
"182",1981,"CMCC.CMS",62.56808472,"hist",16.9822692888889
"183",1982,"CMCC.CMS",62.91113281,"hist",17.1728515611111
"184",1983,"CMCC.CMS",63.32899475,"hist",17.4049970833333
"185",1984,"CMCC.CMS",62.81813049,"hist",17.1211836055556
"186",1985,"CMCC.CMS",64.53606415,"hist",18.0755911944444
"187",1986,"CMCC.CMS",65.65847778,"hist",18.6991543222222
"188",1987,"CMCC.CMS",65.55587006,"hist",18.6421500333333
"189",1988,"CMCC.CMS",65.1337738,"hist",18.4076521111111
"190",1989,"CMCC.CMS",64.31985474,"hist",17.9554748555556
"191",1990,"CMCC.CMS",66.52178955,"hist",19.1787719722222
"192",1991,"CMCC.CMS",64.87801361,"hist",18.2655631166667
"193",1960,"CNRM.CM5",64.16252899,"hist",17.8680716611111
"194",1961,"CNRM.CM5",63.19947052,"hist",17.3330391777778
"195",1962,"CNRM.CM5",63.54630661,"hist",17.5257258944444
"196",1963,"CNRM.CM5",62.61005402,"hist",17.0055855666667
"197",1964,"CNRM.CM5",61.63781738,"hist",16.4654541
"198",1965,"CNRM.CM5",62.8624649,"hist",17.1458138333333
"199",1966,"CNRM.CM5",63.26714325,"hist",17.3706351388889
"200",1967,"CNRM.CM5",61.85298157,"hist",16.5849897611111
"201",1968,"CNRM.CM5",63.28554535,"hist",17.3808585277778
"202",1969,"CNRM.CM5",63.82777405,"hist",17.6820966944444
"203",1970,"CNRM.CM5",63.8072319,"hist",17.6706843888889
"204",1971,"CNRM.CM5",64.85241699,"hist",18.2513427722222
"205",1972,"CNRM.CM5",62.92991638,"hist",17.1832868777778
"206",1973,"CNRM.CM5",62.91497803,"hist",17.1749877944444
"207",1974,"CNRM.CM5",61.11261749,"hist",16.1736763833333
"208",1975,"CNRM.CM5",63.38172913,"hist",17.4342939611111
"209",1976,"CNRM.CM5",63.86051559,"hist",17.7002864388889
"210",1977,"CNRM.CM5",63.62150574,"hist",17.5675031888889
"211",1978,"CNRM.CM5",64.38824463,"hist",17.9934692388889
"212",1979,"CNRM.CM5",63.30169678,"hist",17.3898315444444
"213",1980,"CNRM.CM5",66.17500305,"hist",18.9861128055556
"214",1981,"CNRM.CM5",63.40738678,"hist",17.4485482111111
"215",1982,"CNRM.CM5",63.21380615,"hist",17.3410034166667
"216",1983,"CNRM.CM5",63.25357819,"hist",17.3630989944444
"217",1984,"CNRM.CM5",65.09059906,"hist",18.3836661444444
"218",1985,"CNRM.CM5",62.42921448,"hist",16.9051191555556
"219",1986,"CNRM.CM5",65.47457123,"hist",18.5969840166667
"220",1987,"CNRM.CM5",64.18774414,"hist",17.8820800777778
"221",1988,"CNRM.CM5",64.71228027,"hist",18.1734890388889
"222",1989,"CNRM.CM5",64.09161377,"hist",17.8286743166667
"223",1990,"CNRM.CM5",66.25734711,"hist",19.0318595055556
"224",1991,"CNRM.CM5",65.31060028,"hist",18.5058890444444
"225",1960,"GFDL.CM3",62.24332809,"hist",16.8018489388889
"226",1961,"GFDL.CM3",64.2711792,"hist",17.9284328888889
"227",1962,"GFDL.CM3",62.69777679,"hist",17.0543204388889
"228",1963,"GFDL.CM3",62.25469971,"hist",16.8081665055556
"229",1964,"GFDL.CM3",65.52323914,"hist",18.6240217444444
"230",1965,"GFDL.CM3",60.98638153,"hist",16.1035452944444
"231",1966,"GFDL.CM3",65.48313904,"hist",18.6017439111111
"232",1967,"GFDL.CM3",60.46914673,"hist",15.8161926277778
"233",1968,"GFDL.CM3",64.10814667,"hist",17.8378592611111
"234",1969,"GFDL.CM3",61.00802612,"hist",16.1155700666667
"235",1970,"GFDL.CM3",61.92384338,"hist",16.6243574333333
"236",1971,"GFDL.CM3",64.11386108,"hist",17.8410339333333
"237",1972,"GFDL.CM3",64.04382324,"hist",17.8021240222222
"238",1973,"GFDL.CM3",65.45611572,"hist",18.5867309555556
"239",1974,"GFDL.CM3",63.94532776,"hist",17.7474043111111
"240",1975,"GFDL.CM3",62.21113586,"hist",16.7839643666667
"241",1976,"GFDL.CM3",65.31394959,"hist",18.5077497722222
"242",1977,"GFDL.CM3",64.21663666,"hist",17.8981314777778
"243",1978,"GFDL.CM3",63.10696411,"hist",17.2816467277778
"244",1979,"GFDL.CM3",64.34451294,"hist",17.9691738555556
"245",1980,"GFDL.CM3",63.10350037,"hist",17.2797224277778
"246",1981,"GFDL.CM3",64.88691711,"hist",18.2705095055556
"247",1982,"GFDL.CM3",62.63163757,"hist",17.0175764277778
"248",1983,"GFDL.CM3",61.92236328,"hist",16.6235351555556
"249",1984,"GFDL.CM3",63.73466492,"hist",17.6303694
"250",1985,"GFDL.CM3",64.29283142,"hist",17.9404619
"251",1986,"GFDL.CM3",65.30828857,"hist",18.5046047611111
"252",1987,"GFDL.CM3",63.18348312,"hist",17.3241572888889
"253",1988,"GFDL.CM3",65.84096527,"hist",18.8005362611111
"254",1989,"GFDL.CM3",63.37360382,"hist",17.4297799
"255",1990,"GFDL.CM3",64.89021301,"hist",18.2723405611111
"256",1991,"GFDL.CM3",65.40261078,"hist",18.5570059888889
"257",1960,"HadGEM2.CC",62.83103943,"hist",17.1283552388889
"258",1961,"HadGEM2.CC",61.8007431,"hist",16.5559683888889
"259",1962,"HadGEM2.CC",64.10919189,"hist",17.8384399388889
"260",1963,"HadGEM2.CC",62.02481079,"hist",16.6804504388889
"261",1964,"HadGEM2.CC",63.59975433,"hist",17.5554190722222
"262",1965,"HadGEM2.CC",61.15584564,"hist",16.1976920222222
"263",1966,"HadGEM2.CC",63.00050354,"hist",17.2225019666667
"264",1967,"HadGEM2.CC",61.0140152,"hist",16.1188973333333
"265",1968,"HadGEM2.CC",63.01847076,"hist",17.2324837555556
"266",1969,"HadGEM2.CC",64.10775757,"hist",17.8376430944444
"267",1970,"HadGEM2.CC",64.58204651,"hist",18.10113695
"268",1971,"HadGEM2.CC",62.1055603,"hist",16.7253112777778
"269",1972,"HadGEM2.CC",63.41024017,"hist",17.4501334277778
"270",1973,"HadGEM2.CC",63.61513519,"hist",17.5639639944444
"271",1974,"HadGEM2.CC",65.72566223,"hist",18.7364790166667
"272",1975,"HadGEM2.CC",61.83974457,"hist",16.5776358722222
"273",1976,"HadGEM2.CC",67.08786011,"hist",19.4932556166667
"274",1977,"HadGEM2.CC",63.15700531,"hist",17.3094473944444
"275",1978,"HadGEM2.CC",65.55351257,"hist",18.6408403166667
"276",1979,"HadGEM2.CC",64.60577393,"hist",18.11431885
"277",1980,"HadGEM2.CC",63.42820358,"hist",17.4601131
"278",1981,"HadGEM2.CC",64.77166748,"hist",18.2064819333333
"279",1982,"HadGEM2.CC",64.33380127,"hist",17.9632229277778
"280",1983,"HadGEM2.CC",62.87400055,"hist",17.1522225277778
"281",1984,"HadGEM2.CC",65.82151794,"hist",18.7897321888889
"282",1985,"HadGEM2.CC",63.79069519,"hist",17.6614973277778
"283",1986,"HadGEM2.CC",63.54229736,"hist",17.5234985333333
"284",1987,"HadGEM2.CC",63.99131012,"hist",17.7729500666667
"285",1988,"HadGEM2.CC",66.46136475,"hist",19.1452026388889
"286",1989,"HadGEM2.CC",63.75971603,"hist",17.6442866833333
"287",1990,"HadGEM2.CC",63.50944519,"hist",17.5052473277778
"288",1991,"HadGEM2.CC",64.96228027,"hist",18.3123779277778
"289",1960,"HadGEM2.ES",64.19619751,"hist",17.8867763944444
"290",1961,"HadGEM2.ES",63.73796082,"hist",17.6322004555556
"291",1962,"HadGEM2.ES",63.46522522,"hist",17.4806806777778
"292",1963,"HadGEM2.ES",62.18988037,"hist",16.7721557611111
"293",1964,"HadGEM2.ES",62.76611328,"hist",17.0922851555556
"294",1965,"HadGEM2.ES",64.72865295,"hist",18.1825849722222
"295",1966,"HadGEM2.ES",65.89337158,"hist",18.8296508777778
"296",1967,"HadGEM2.ES",61.53020477,"hist",16.4056693166667
"297",1968,"HadGEM2.ES",62.35456467,"hist",16.8636470388889
"298",1969,"HadGEM2.ES",61.33744812,"hist",16.2985822888889
"299",1970,"HadGEM2.ES",63.80234528,"hist",17.6679696
"300",1971,"HadGEM2.ES",63.99158478,"hist",17.7731026555556
"301",1972,"HadGEM2.ES",66.21966553,"hist",19.0109252944444
"302",1973,"HadGEM2.ES",64.44943237,"hist",18.0274624277778
"303",1974,"HadGEM2.ES",64.7618866,"hist",18.2010481111111
"304",1975,"HadGEM2.ES",65.05999756,"hist",18.3666653111111
"305",1976,"HadGEM2.ES",63.20161057,"hist",17.3342280944444
"306",1977,"HadGEM2.ES",63.55553436,"hist",17.5308524222222
"307",1978,"HadGEM2.ES",63.79910278,"hist",17.6661682111111
"308",1979,"HadGEM2.ES",62.20575714,"hist",16.7809761888889
"309",1980,"HadGEM2.ES",64.09221649,"hist",17.8290091611111
"310",1981,"HadGEM2.ES",62.71348572,"hist",17.0630476222222
"311",1982,"HadGEM2.ES",63.49263763,"hist",17.4959097944444
"312",1983,"HadGEM2.ES",63.26945114,"hist",17.3719173
"313",1984,"HadGEM2.ES",64.17988586,"hist",17.8777143666667
"314",1985,"HadGEM2.ES",62.49694824,"hist",16.9427490222222
"315",1986,"HadGEM2.ES",67.19024658,"hist",19.5501369888889
"316",1987,"HadGEM2.ES",64.68014526,"hist",18.1556362555556
"317",1988,"HadGEM2.ES",63.8714447,"hist",17.7063581666667
"318",1989,"HadGEM2.ES",63.73829269,"hist",17.6323848277778
"319",1990,"HadGEM2.ES",64.32414246,"hist",17.9578569222222
"320",1991,"HadGEM2.ES",64.1950531,"hist",17.8861406111111
"321",1960,"MIROC5",64.10182953,"hist",17.8343497388889
"322",1961,"MIROC5",63.82074738,"hist",17.6781929888889
"323",1962,"MIROC5",65.92451477,"hist",18.84695265
"324",1963,"MIROC5",66.36791992,"hist",19.0932888444444
"325",1964,"MIROC5",64.6264801,"hist",18.1258222777778
"326",1965,"MIROC5",63.76399994,"hist",17.6466666333333
"327",1966,"MIROC5",61.05751801,"hist",16.1430655611111
"328",1967,"MIROC5",64.36528015,"hist",17.9807111944444
"329",1968,"MIROC5",64.5584259,"hist",18.0880143888889
"330",1969,"MIROC5",63.54163742,"hist",17.5231319
"331",1970,"MIROC5",63.69550323,"hist",17.6086129055556
"332",1971,"MIROC5",59.67900848,"hist",15.3772269333333
"333",1972,"MIROC5",63.74213791,"hist",17.6345210611111
"334",1973,"MIROC5",63.96961212,"hist",17.7608956222222
"335",1974,"MIROC5",62.50936127,"hist",16.94964515
"336",1975,"MIROC5",63.11190796,"hist",17.2843933111111
"337",1976,"MIROC5",61.23368454,"hist",16.2409358555556
"338",1977,"MIROC5",64.64801025,"hist",18.1377834722222
"339",1978,"MIROC5",64.43125916,"hist",18.0173662
"340",1979,"MIROC5",63.49510956,"hist",17.4972830888889
"341",1980,"MIROC5",63.95378876,"hist",17.7521048666667
"342",1981,"MIROC5",62.82428741,"hist",17.1246041166667
"343",1982,"MIROC5",63.19046021,"hist",17.32803345
"344",1983,"MIROC5",61.27889252,"hist",16.2660514
"345",1984,"MIROC5",64.36973572,"hist",17.9831865111111
"346",1985,"MIROC5",61.92675781,"hist",16.6259765611111
"347",1986,"MIROC5",62.83301926,"hist",17.1294551444444
"348",1987,"MIROC5",62.18543243,"hist",16.7696846833333
"349",1988,"MIROC5",65.68067932,"hist",18.7114885111111
"350",1989,"MIROC5",65.17519379,"hist",18.4306632166667
"351",1990,"MIROC5",63.36684418,"hist",17.4260245444444
"352",1991,"MIROC5",64.3555603,"hist",17.9753112777778
"353",2035,"ACCESS1.0",69.24633789,"rcp45",20.6924099388889
"354",2036,"ACCESS1.0",70.07784271,"rcp45",21.1543570611111
"355",2037,"ACCESS1.0",68.30041504,"rcp45",20.1668972444444
"356",2038,"ACCESS1.0",65.8155365,"rcp45",18.7864091666667
"357",2039,"ACCESS1.0",66.69306946,"rcp45",19.2739274777778
"358",2040,"ACCESS1.0",66.86367798,"rcp45",19.3687099888889
"359",2041,"ACCESS1.0",67.85338593,"rcp45",19.9185477388889
"360",2042,"ACCESS1.0",66.67180634,"rcp45",19.2621146333333
"361",2043,"ACCESS1.0",67.99581909,"rcp45",19.9976772722222
"362",2044,"ACCESS1.0",68.96229553,"rcp45",20.5346086277778
"363",2045,"ACCESS1.0",68.21440125,"rcp45",20.1191118055556
"364",2046,"ACCESS1.0",66.83830261,"rcp45",19.3546125611111
"365",2047,"ACCESS1.0",70.73949432,"rcp45",21.5219412888889
"366",2048,"ACCESS1.0",69.8427887,"rcp45",21.0237715
"367",2049,"ACCESS1.0",68.8168869,"rcp45",20.4538260555556
"368",2050,"ACCESS1.0",69.6322937,"rcp45",20.9068298333333
"369",2051,"ACCESS1.0",69.9466095,"rcp45",21.0814497222222
"370",2052,"ACCESS1.0",68.27734375,"rcp45",20.1540798611111
"371",2053,"ACCESS1.0",69.49941254,"rcp45",20.8330069666667
"372",2054,"ACCESS1.0",69.76626587,"rcp45",20.9812588166667
"373",2055,"ACCESS1.0",68.52668762,"rcp45",20.2926042333333
"374",2056,"ACCESS1.0",68.3529892,"rcp45",20.1961051111111
"375",2057,"ACCESS1.0",68.28503418,"rcp45",20.1583523222222
"376",2058,"ACCESS1.0",69.37597656,"rcp45",20.7644314222222
"377",2059,"ACCESS1.0",68.94190979,"rcp45",20.5232832166667
"378",2060,"ACCESS1.0",71.15159607,"rcp45",21.7508867055556
"379",2061,"ACCESS1.0",71.19548035,"rcp45",21.7752668611111
"380",2062,"ACCESS1.0",69.90629578,"rcp45",21.0590532111111
"381",2063,"ACCESS1.0",68.61155701,"rcp45",20.3397538944444
"382",2064,"ACCESS1.0",68.67175293,"rcp45",20.3731960722222
"383",2035,"CanESM2",67.64233398,"rcp45",19.8012966555556
"384",2036,"CanESM2",69.43969727,"rcp45",20.7998318166667
"385",2037,"CanESM2",68.61281586,"rcp45",20.3404532555556
"386",2038,"CanESM2",69.76280975,"rcp45",20.97933875
"387",2039,"CanESM2",69.33934021,"rcp45",20.7440778944444
"388",2040,"CanESM2",67.57218933,"rcp45",19.7623274055556
"389",2041,"CanESM2",69.35274506,"rcp45",20.7515250333333
"390",2042,"CanESM2",67.41711426,"rcp45",19.6761745888889
"391",2043,"CanESM2",69.66470337,"rcp45",20.9248352055556
"392",2044,"CanESM2",68.65005493,"rcp45",20.3611416277778
"393",2045,"CanESM2",69.73138428,"rcp45",20.9618801555556
"394",2046,"CanESM2",68.84786987,"rcp45",20.4710388166667
"395",2047,"CanESM2",68.86390686,"rcp45",20.4799482555556
"396",2048,"CanESM2",68.55975342,"rcp45",20.3109741222222
"397",2049,"CanESM2",69.32363129,"rcp45",20.7353507166667
"398",2050,"CanESM2",68.57376099,"rcp45",20.3187561055556
"399",2051,"CanESM2",69.41404724,"rcp45",20.7855818
"400",2052,"CanESM2",68.34507751,"rcp45",20.1917097277778
"401",2053,"CanESM2",70.39974213,"rcp45",21.3331900722222
"402",2054,"CanESM2",70.07592011,"rcp45",21.15328895
"403",2055,"CanESM2",70.83869934,"rcp45",21.5770551888889
"404",2056,"CanESM2",69.61289978,"rcp45",20.8960554333333
"405",2057,"CanESM2",69.42058563,"rcp45",20.7892142388889
"406",2058,"CanESM2",70.6865387,"rcp45",21.4925215
"407",2059,"CanESM2",70.26686096,"rcp45",21.2593672
"408",2060,"CanESM2",69.43777466,"rcp45",20.7987637
"409",2061,"CanESM2",69.65866089,"rcp45",20.9214782722222
"410",2062,"CanESM2",71.21003723,"rcp45",21.7833540166667
"411",2063,"CanESM2",70.10014343,"rcp45",21.16674635
"412",2064,"CanESM2",71.52891541,"rcp45",21.9605085611111
"413",2035,"CCSM4",68.66621399,"rcp45",20.3701188833333
"414",2036,"CCSM4",67.10362244,"rcp45",19.5020124666667
"415",2037,"CCSM4",71.9747467,"rcp45",22.2081926111111
"416",2038,"CCSM4",69.50001526,"rcp45",20.8333418111111
"417",2039,"CCSM4",66.45449829,"rcp45",19.1413879388889
"418",2040,"CCSM4",65.9506073,"rcp45",18.8614485
"419",2041,"CCSM4",69.03034973,"rcp45",20.5724165166667
"420",2042,"CCSM4",68.69087219,"rcp45",20.3838178833333
"421",2043,"CCSM4",68.11601257,"rcp45",20.0644514277778
"422",2044,"CCSM4",71.57797241,"rcp45",21.98776245
"423",2045,"CCSM4",68.10387421,"rcp45",20.0577078944444
"424",2046,"CCSM4",71.32506561,"rcp45",21.8472586722222
"425",2047,"CCSM4",69.88766479,"rcp45",21.0487026611111
"426",2048,"CCSM4",67.40816498,"rcp45",19.6712027666667
"427",2049,"CCSM4",67.68431091,"rcp45",19.8246171722222
"428",2050,"CCSM4",69.81933594,"rcp45",21.0107421888889
"429",2051,"CCSM4",69.29693604,"rcp45",20.7205200222222
"430",2052,"CCSM4",67.17756653,"rcp45",19.5430925166667
"431",2053,"CCSM4",68.86605072,"rcp45",20.4811392888889
"432",2054,"CCSM4",70.55992126,"rcp45",21.4221784777778
"433",2055,"CCSM4",69.32131958,"rcp45",20.7340664333333
"434",2056,"CCSM4",69.71902466,"rcp45",20.9550137
"435",2057,"CCSM4",68.61880493,"rcp45",20.3437805166667
"436",2058,"CCSM4",69.48854065,"rcp45",20.8269670277778
"437",2059,"CCSM4",69.35719299,"rcp45",20.7539961055556
"438",2060,"CCSM4",68.0345459,"rcp45",20.0191921666667
"439",2061,"CCSM4",67.89865112,"rcp45",19.9436950666667
"440",2062,"CCSM4",70.99591064,"rcp45",21.6643948
"441",2063,"CCSM4",67.10279846,"rcp45",19.5015547
"442",2064,"CCSM4",69.3646698,"rcp45",20.7581498888889
"443",2035,"CESM1.BGC",67.48138428,"rcp45",19.7118801555556
"444",2036,"CESM1.BGC",68.07876587,"rcp45",20.0437588166667
"445",2037,"CESM1.BGC",65.29867554,"rcp45",18.4992641888889
"446",2038,"CESM1.BGC",68.51371765,"rcp45",20.2853986944444
"447",2039,"CESM1.BGC",67.3918457,"rcp45",19.6621365
"448",2040,"CESM1.BGC",66.63516235,"rcp45",19.2417568611111
"449",2041,"CESM1.BGC",67.34037781,"rcp45",19.6335432277778
"450",2042,"CESM1.BGC",67.5692749,"rcp45",19.7607082777778
"451",2043,"CESM1.BGC",68.95817566,"rcp45",20.5323198111111
"452",2044,"CESM1.BGC",68.06926727,"rcp45",20.0384818166667
"453",2045,"CESM1.BGC",68.1604538,"rcp45",20.089141
"454",2046,"CESM1.BGC",67.35372925,"rcp45",19.6409606944444
"455",2047,"CESM1.BGC",67.74006653,"rcp45",19.8555925166667
"456",2048,"CESM1.BGC",69.11357117,"rcp45",20.61865065
"457",2049,"CESM1.BGC",69.48304749,"rcp45",20.8239152722222
"458",2050,"CESM1.BGC",68.63023376,"rcp45",20.3501298666667
"459",2051,"CESM1.BGC",69.30819702,"rcp45",20.7267761222222
"460",2052,"CESM1.BGC",69.65179443,"rcp45",20.9176635722222
"461",2053,"CESM1.BGC",69.49963379,"rcp45",20.8331298833333
"462",2054,"CESM1.BGC",68.23181152,"rcp45",20.1287841777778
"463",2055,"CESM1.BGC",67.81416321,"rcp45",19.8967573388889
"464",2056,"CESM1.BGC",68.71910858,"rcp45",20.3995047666667
"465",2057,"CESM1.BGC",69.28918457,"rcp45",20.71621365
"466",2058,"CESM1.BGC",66.95135498,"rcp45",19.4174194333333
"467",2059,"CESM1.BGC",68.52404785,"rcp45",20.2911376944444
"468",2060,"CESM1.BGC",68.04003906,"rcp45",20.0222439222222
"469",2061,"CESM1.BGC",68.70367432,"rcp45",20.3909301777778
"470",2062,"CESM1.BGC",70.51878357,"rcp45",21.3993242055556
"471",2063,"CESM1.BGC",67.68062592,"rcp45",19.8225699555556
"472",2064,"CESM1.BGC",67.44606781,"rcp45",19.6922598944444
"473",2035,"CMCC.CMS",66.43120575,"rcp45",19.1284476388889
"474",2036,"CMCC.CMS",66.95800018,"rcp45",19.4211112111111
"475",2037,"CMCC.CMS",69.30451965,"rcp45",20.7247331388889
"476",2038,"CMCC.CMS",67.3601532,"rcp45",19.6445295555556
"477",2039,"CMCC.CMS",67.86244965,"rcp45",19.9235831388889
"478",2040,"CMCC.CMS",66.82231903,"rcp45",19.3457327944444
"479",2041,"CMCC.CMS",67.9683075,"rcp45",19.9823930555556
"480",2042,"CMCC.CMS",66.90554047,"rcp45",19.3919669277778
"481",2043,"CMCC.CMS",68.0901413,"rcp45",20.0500785
"482",2044,"CMCC.CMS",67.75830078,"rcp45",19.8657226555556
"483",2045,"CMCC.CMS",67.31510925,"rcp45",19.6195051388889
"484",2046,"CMCC.CMS",67.16075134,"rcp45",19.5337507444444
"485",2047,"CMCC.CMS",65.90072632,"rcp45",18.8337368444444
"486",2048,"CMCC.CMS",68.66280365,"rcp45",20.36822425
"487",2049,"CMCC.CMS",66.28085327,"rcp45",19.0449184833333
"488",2050,"CMCC.CMS",65.62057495,"rcp45",18.6780971944444
"489",2051,"CMCC.CMS",71.57165527,"rcp45",21.9842529277778
"490",2052,"CMCC.CMS",67.88069153,"rcp45",19.9337175166667
"491",2053,"CMCC.CMS",68.30311584,"rcp45",20.1683976888889
"492",2054,"CMCC.CMS",69.91485596,"rcp45",21.0638088666667
"493",2055,"CMCC.CMS",70.30822754,"rcp45",21.2823486333333
"494",2056,"CMCC.CMS",67.22238159,"rcp45",19.5679897722222
"495",2057,"CMCC.CMS",68.59825897,"rcp45",20.3323660944444
"496",2058,"CMCC.CMS",69.03194427,"rcp45",20.5733023722222
"497",2059,"CMCC.CMS",70.61408997,"rcp45",21.4522722055556
"498",2060,"CMCC.CMS",68.39825439,"rcp45",20.2212524388889
"499",2061,"CMCC.CMS",69.05863953,"rcp45",20.5881330722222
"500",2062,"CMCC.CMS",68.60369873,"rcp45",20.3353881833333
"501",2063,"CMCC.CMS",70.46060181,"rcp45",21.3670010055556
"502",2064,"CMCC.CMS",67.03330994,"rcp45",19.4629499666667
"503",2035,"CNRM.CM5",65.33526611,"rcp45",18.5195922833333
"504",2036,"CNRM.CM5",65.98609924,"rcp45",18.8811662444444
"505",2037,"CNRM.CM5",67.26039886,"rcp45",19.5891104777778
"506",2038,"CNRM.CM5",65.47994995,"rcp45",18.5999721944444
"507",2039,"CNRM.CM5",65.72775269,"rcp45",18.7376403833333
"508",2040,"CNRM.CM5",67.1448822,"rcp45",19.5249345555556
"509",2041,"CNRM.CM5",66.52019501,"rcp45",19.1778861166667
"510",2042,"CNRM.CM5",69.31846619,"rcp45",20.7324812166667
"511",2043,"CNRM.CM5",68.06471252,"rcp45",20.0359514
"512",2044,"CNRM.CM5",66.49717712,"rcp45",19.1650984
"513",2045,"CNRM.CM5",65.3785553,"rcp45",18.5436418333333
"514",2046,"CNRM.CM5",66.49432373,"rcp45",19.1635131833333
"515",2047,"CNRM.CM5",68.93032074,"rcp45",20.5168448555556
"516",2048,"CNRM.CM5",68.41275024,"rcp45",20.2293056888889
"517",2049,"CNRM.CM5",67.51402283,"rcp45",19.7300126833333
"518",2050,"CNRM.CM5",68.39578247,"rcp45",20.21987915
"519",2051,"CNRM.CM5",67.17454529,"rcp45",19.54141405
"520",2052,"CNRM.CM5",70.2348938,"rcp45",21.2416076666667
"521",2053,"CNRM.CM5",68.34431458,"rcp45",20.1912858777778
"522",2054,"CNRM.CM5",68.86764526,"rcp45",20.4820251444444
"523",2055,"CNRM.CM5",67.04412842,"rcp45",19.4689602333333
"524",2056,"CNRM.CM5",66.26031494,"rcp45",19.0335083
"525",2057,"CNRM.CM5",67.99005127,"rcp45",19.9944729277778
"526",2058,"CNRM.CM5",68.90120697,"rcp45",20.5006705388889
"527",2059,"CNRM.CM5",66.89604187,"rcp45",19.3866899277778
"528",2060,"CNRM.CM5",68.13095093,"rcp45",20.0727505166667
"529",2061,"CNRM.CM5",67.54258728,"rcp45",19.7458818222222
"530",2062,"CNRM.CM5",69.76763916,"rcp45",20.9820217555556
"531",2063,"CNRM.CM5",67.85514832,"rcp45",19.9195268444444
"532",2064,"CNRM.CM5",68.21505737,"rcp45",20.1194763166667
"533",2035,"GFDL.CM3",67.94462585,"rcp45",19.9692365833333
"534",2036,"GFDL.CM3",68.87890625,"rcp45",20.48828125
"535",2037,"GFDL.CM3",67.22068787,"rcp45",19.5670488166667
"536",2038,"GFDL.CM3",68.86236572,"rcp45",20.4790920666667
"537",2039,"GFDL.CM3",69.22750092,"rcp45",20.6819449555556
"538",2040,"GFDL.CM3",69.53786469,"rcp45",20.8543692722222
"539",2041,"GFDL.CM3",68.83956909,"rcp45",20.4664272722222
"540",2042,"GFDL.CM3",67.56054688,"rcp45",19.7558593777778
"541",2043,"GFDL.CM3",69.00469971,"rcp45",20.5581665055556
"542",2044,"GFDL.CM3",70.27296448,"rcp45",21.2627580444444
"543",2045,"GFDL.CM3",71.93167114,"rcp45",22.1842617444444
"544",2046,"GFDL.CM3",70.99514771,"rcp45",21.66397095
"545",2047,"GFDL.CM3",69.28479004,"rcp45",20.7137722444444
"546",2048,"GFDL.CM3",68.47087097,"rcp45",20.2615949833333
"547",2049,"GFDL.CM3",69.67266846,"rcp45",20.9292602555556
"548",2050,"GFDL.CM3",71.45019531,"rcp45",21.9167751722222
"549",2051,"GFDL.CM3",70.49532318,"rcp45",21.3862906555556
"550",2052,"GFDL.CM3",72.40304565,"rcp45",22.4461364722222
"551",2053,"GFDL.CM3",69.89311218,"rcp45",21.0517289888889
"552",2054,"GFDL.CM3",71.25804901,"rcp45",21.8100272277778
"553",2055,"GFDL.CM3",70.72982788,"rcp45",21.5165710444444
"554",2056,"GFDL.CM3",71.4151535,"rcp45",21.8973075
"555",2057,"GFDL.CM3",70.04833984,"rcp45",21.1379665777778
"556",2058,"GFDL.CM3",73.45361328,"rcp45",23.0297851555556
"557",2059,"GFDL.CM3",71.91036224,"rcp45",22.1724234666667
"558",2060,"GFDL.CM3",71.60592651,"rcp45",22.0032925055556
"559",2061,"GFDL.CM3",71.83345795,"rcp45",22.1296988611111
"560",2062,"GFDL.CM3",70.03713989,"rcp45",21.1317443833333
"561",2063,"GFDL.CM3",69.32994843,"rcp45",20.7388602388889
"562",2064,"GFDL.CM3",71.27903748,"rcp45",21.8216874888889
"563",2035,"HadGEM2.CC",67.17360687,"rcp45",19.5408927055556
"564",2036,"HadGEM2.CC",69.28952026,"rcp45",20.7164001444444
"565",2037,"HadGEM2.CC",68.88999939,"rcp45",20.4944441055556
"566",2038,"HadGEM2.CC",66.16885376,"rcp45",18.9826965333333
"567",2039,"HadGEM2.CC",66.25393677,"rcp45",19.0299648722222
"568",2040,"HadGEM2.CC",67.61531067,"rcp45",19.7862837055556
"569",2041,"HadGEM2.CC",68.85012054,"rcp45",20.4722891888889
"570",2042,"HadGEM2.CC",68.25592041,"rcp45",20.1421780055556
"571",2043,"HadGEM2.CC",70.0375824,"rcp45",21.1319902222222
"572",2044,"HadGEM2.CC",67.9551239,"rcp45",19.9750688333333
"573",2045,"HadGEM2.CC",69.37037659,"rcp45",20.7613203277778
"574",2046,"HadGEM2.CC",70.18001556,"rcp45",21.2111197555556
"575",2047,"HadGEM2.CC",70.73274231,"rcp45",21.5181901722222
"576",2048,"HadGEM2.CC",69.7960434,"rcp45",20.9978018888889
"577",2049,"HadGEM2.CC",67.77828979,"rcp45",19.8768276611111
"578",2050,"HadGEM2.CC",69.05513,"rcp45",20.5861833333333
"579",2051,"HadGEM2.CC",68.84138489,"rcp45",20.46743605
"580",2052,"HadGEM2.CC",68.78617859,"rcp45",20.4367658833333
"581",2053,"HadGEM2.CC",67.31950378,"rcp45",19.6219465444444
"582",2054,"HadGEM2.CC",70.1282196,"rcp45",21.1823442222222
"583",2055,"HadGEM2.CC",68.61100769,"rcp45",20.3394487166667
"584",2056,"HadGEM2.CC",70.94384003,"rcp45",21.6354666833333
"585",2057,"HadGEM2.CC",68.50086975,"rcp45",20.2782609722222
"586",2058,"HadGEM2.CC",67.62091064,"rcp45",19.7893948
"587",2059,"HadGEM2.CC",69.1920166,"rcp45",20.6622314444444
"588",2060,"HadGEM2.CC",70.28004456,"rcp45",21.2666914222222
"589",2061,"HadGEM2.CC",71.33572388,"rcp45",21.8531799333333
"590",2062,"HadGEM2.CC",69.37329102,"rcp45",20.7629394555556
"591",2063,"HadGEM2.CC",69.02612305,"rcp45",20.5700683611111
"592",2064,"HadGEM2.CC",68.85275269,"rcp45",20.4737514944444
"593",2035,"HadGEM2.ES",67.04934692,"rcp45",19.4718594
"594",2036,"HadGEM2.ES",67.87002563,"rcp45",19.9277920166667
"595",2037,"HadGEM2.ES",67.56087494,"rcp45",19.7560416333333
"596",2038,"HadGEM2.ES",67.8480072,"rcp45",19.9155595555556
"597",2039,"HadGEM2.ES",68.5691452,"rcp45",20.3161917777778
"598",2040,"HadGEM2.ES",67.42211914,"rcp45",19.6789550777778
"599",2041,"HadGEM2.ES",69.36938477,"rcp45",20.7607693166667
"600",2042,"HadGEM2.ES",67.20376587,"rcp45",19.5576477055556
"601",2043,"HadGEM2.ES",69.31209564,"rcp45",20.7289420222222
"602",2044,"HadGEM2.ES",70.17622375,"rcp45",21.2090131944444
"603",2045,"HadGEM2.ES",67.0892868,"rcp45",19.4940482222222
"604",2046,"HadGEM2.ES",68.56376648,"rcp45",20.3132036
"605",2047,"HadGEM2.ES",69.54577637,"rcp45",20.85876465
"606",2048,"HadGEM2.ES",68.94597626,"rcp45",20.5255423666667
"607",2049,"HadGEM2.ES",69.63976288,"rcp45",20.9109793777778
"608",2050,"HadGEM2.ES",67.86723328,"rcp45",19.9262407111111
"609",2051,"HadGEM2.ES",69.758255,"rcp45",20.9768083333333
"610",2052,"HadGEM2.ES",69.13626099,"rcp45",20.6312561055556
"611",2053,"HadGEM2.ES",68.35733032,"rcp45",20.1985168444444
"612",2054,"HadGEM2.ES",69.43344116,"rcp45",20.7963562
"613",2055,"HadGEM2.ES",68.68230438,"rcp45",20.3790579888889
"614",2056,"HadGEM2.ES",69.16817474,"rcp45",20.6489859666667
"615",2057,"HadGEM2.ES",71.65196228,"rcp45",22.0288679333333
"616",2058,"HadGEM2.ES",71.49739075,"rcp45",21.9429948611111
"617",2059,"HadGEM2.ES",71.34731293,"rcp45",21.8596182944444
"618",2060,"HadGEM2.ES",68.29075623,"rcp45",20.1615312388889
"619",2061,"HadGEM2.ES",69.37197113,"rcp45",20.7622061833333
"620",2062,"HadGEM2.ES",69.18096924,"rcp45",20.6560940222222
"621",2063,"HadGEM2.ES",70.67774963,"rcp45",21.4876386833333
"622",2064,"HadGEM2.ES",72.90924072,"rcp45",22.7273559555556
"623",2035,"MIROC5",69.92689514,"rcp45",21.0704973
"624",2036,"MIROC5",68.02147675,"rcp45",20.0119315277778
"625",2037,"MIROC5",68.91290283,"rcp45",20.5071682388889
"626",2038,"MIROC5",68.48521423,"rcp45",20.2695634611111
"627",2039,"MIROC5",69.15290833,"rcp45",20.6405046277778
"628",2040,"MIROC5",66.75267029,"rcp45",19.30703905
"629",2041,"MIROC5",70.6762085,"rcp45",21.4867825
"630",2042,"MIROC5",69.97555542,"rcp45",21.0975307888889
"631",2043,"MIROC5",66.49487305,"rcp45",19.1638183611111
"632",2044,"MIROC5",66.92053223,"rcp45",19.4002956833333
"633",2045,"MIROC5",70.37227631,"rcp45",21.3179312833333
"634",2046,"MIROC5",68.82622528,"rcp45",20.4590140444444
"635",2047,"MIROC5",69.79180908,"rcp45",20.9954494888889
"636",2048,"MIROC5",67.91024017,"rcp45",19.9501334277778
"637",2049,"MIROC5",68.05047607,"rcp45",20.0280422611111
"638",2050,"MIROC5",71.6142807,"rcp45",22.0079337222222
"639",2051,"MIROC5",69.51072693,"rcp45",20.8392927388889
"640",2052,"MIROC5",69.08006287,"rcp45",20.6000349277778
"641",2053,"MIROC5",70.11146545,"rcp45",21.1730363611111
"642",2054,"MIROC5",69.39504242,"rcp45",20.7750235666667
"643",2055,"MIROC5",69.16197205,"rcp45",20.6455400277778
"644",2056,"MIROC5",69.86190796,"rcp45",21.0343933111111
"645",2057,"MIROC5",69.61339569,"rcp45",20.8963309388889
"646",2058,"MIROC5",67.69930267,"rcp45",19.8329459277778
"647",2059,"MIROC5",69.12774658,"rcp45",20.6265258777778
"648",2060,"MIROC5",67.7437973,"rcp45",19.8576651666667
"649",2061,"MIROC5",71.1743927,"rcp45",21.7635515
"650",2062,"MIROC5",69.96226501,"rcp45",21.0901472277778
"651",2063,"MIROC5",69.62394714,"rcp45",20.9021928555556
"652",2064,"MIROC5",70.70521545,"rcp45",21.5028974722222
"653",2035,"ACCESS1.0",70.54042053,"rcp85",21.4113447388889
"654",2036,"ACCESS1.0",69.28424072,"rcp85",20.7134670666667
"655",2037,"ACCESS1.0",68.3662262,"rcp85",20.203459
"656",2038,"ACCESS1.0",67.57570648,"rcp85",19.7642813777778
"657",2039,"ACCESS1.0",69.47315979,"rcp85",20.8184221055556
"658",2040,"ACCESS1.0",67.24611664,"rcp85",19.5811759111111
"659",2041,"ACCESS1.0",69.09764099,"rcp85",20.60980055
"660",2042,"ACCESS1.0",69.33363342,"rcp85",20.7409074555556
"661",2043,"ACCESS1.0",68.95361328,"rcp85",20.5297851555556
"662",2044,"ACCESS1.0",70.01686859,"rcp85",21.12048255
"663",2045,"ACCESS1.0",71.81395721,"rcp85",22.1188651166667
"664",2046,"ACCESS1.0",70.20253754,"rcp85",21.2236319666667
"665",2047,"ACCESS1.0",68.92537689,"rcp85",20.5140982722222
"666",2048,"ACCESS1.0",71.568573,"rcp85",21.9825405555556
"667",2049,"ACCESS1.0",69.7960434,"rcp85",20.9978018888889
"668",2050,"ACCESS1.0",71.05557251,"rcp85",21.6975402833333
"669",2051,"ACCESS1.0",70.38980103,"rcp85",21.3276672388889
"670",2052,"ACCESS1.0",68.92949677,"rcp85",20.5163870944444
"671",2053,"ACCESS1.0",72.69741821,"rcp85",22.6096767833333
"672",2054,"ACCESS1.0",70.76800537,"rcp85",21.5377807611111
"673",2055,"ACCESS1.0",71.11264038,"rcp85",21.7292446555556
"674",2056,"ACCESS1.0",73.04684448,"rcp85",22.8038024888889
"675",2057,"ACCESS1.0",70.39529419,"rcp85",21.3307189944444
"676",2058,"ACCESS1.0",73.41082001,"rcp85",23.0060111166667
"677",2059,"ACCESS1.0",69.98753357,"rcp85",21.1041853166667
"678",2060,"ACCESS1.0",73.22405243,"rcp85",22.90225135
"679",2061,"ACCESS1.0",71.88652039,"rcp85",22.1591779944444
"680",2062,"ACCESS1.0",70.45170593,"rcp85",21.36205885
"681",2063,"ACCESS1.0",71.8366394,"rcp85",22.1314663333333
"682",2064,"ACCESS1.0",73.1832428,"rcp85",22.8795793333333
"683",2035,"CanESM2",67.98297119,"rcp85",19.99053955
"684",2036,"CanESM2",69.93579102,"rcp85",21.0754394555556
"685",2037,"CanESM2",70.16447449,"rcp85",21.2024858277778
"686",2038,"CanESM2",68.99678802,"rcp85",20.5537711222222
"687",2039,"CanESM2",70.82815552,"rcp85",21.5711975111111
"688",2040,"CanESM2",70.77574921,"rcp85",21.5420828944444
"689",2041,"CanESM2",69.69117737,"rcp85",20.9395429833333
"690",2042,"CanESM2",69.97045136,"rcp85",21.0946952
"691",2043,"CanESM2",70.18127441,"rcp85",21.2118191166667
"692",2044,"CanESM2",70.57003021,"rcp85",21.4277945611111
"693",2045,"CanESM2",66.60836029,"rcp85",19.2268668277778
"694",2046,"CanESM2",72.06126404,"rcp85",22.2562578
"695",2047,"CanESM2",69.87624359,"rcp85",21.04235755
"696",2048,"CanESM2",70.13645935,"rcp85",21.1869218611111
"697",2049,"CanESM2",70.84841919,"rcp85",21.5824551055556
"698",2050,"CanESM2",69.75539398,"rcp85",20.9752188777778
"699",2051,"CanESM2",71.50315857,"rcp85",21.9461992055556
"700",2052,"CanESM2",71.99578094,"rcp85",22.2198783
"701",2053,"CanESM2",71.47744751,"rcp85",21.9319152833333
"702",2054,"CanESM2",72.03088379,"rcp85",22.2393798833333
"703",2055,"CanESM2",70.51861572,"rcp85",21.3992309555556
"704",2056,"CanESM2",70.16804504,"rcp85",21.2044694666667
"705",2057,"CanESM2",73.75392151,"rcp85",23.1966230611111
"706",2058,"CanESM2",70.74795532,"rcp85",21.5266418444444
"707",2059,"CanESM2",72.69621277,"rcp85",22.6090070944444
"708",2060,"CanESM2",72.03373718,"rcp85",22.2409651
"709",2061,"CanESM2",72.36684418,"rcp85",22.4260245444444
"710",2062,"CanESM2",72.15865326,"rcp85",22.3103629222222
"711",2063,"CanESM2",70.44281006,"rcp85",21.3571167
"712",2064,"CanESM2",72.62002563,"rcp85",22.5666809055556
"713",2035,"CCSM4",70.31355286,"rcp85",21.2853071444444
"714",2036,"CCSM4",68.31228638,"rcp85",20.1734924333333
"715",2037,"CCSM4",68.28190613,"rcp85",20.1566145166667
"716",2038,"CCSM4",69.54962158,"rcp85",20.8609008777778
"717",2039,"CCSM4",69.86894226,"rcp85",21.0383012555556
"718",2040,"CCSM4",70.45259094,"rcp85",21.3625505222222
"719",2041,"CCSM4",70.40649414,"rcp85",21.3369411888889
"720",2042,"CCSM4",70.44412231,"rcp85",21.3578457277778
"721",2043,"CCSM4",67.7205658,"rcp85",19.8447587777778
"722",2044,"CCSM4",69.95298767,"rcp85",21.08499315
"723",2045,"CCSM4",69.42585754,"rcp85",20.7921430777778
"724",2046,"CCSM4",68.8631897,"rcp85",20.4795498333333
"725",2047,"CCSM4",70.28191376,"rcp85",21.2677298666667
"726",2048,"CCSM4",71.21465302,"rcp85",21.7859183444444
"727",2049,"CCSM4",71.45283508,"rcp85",21.9182417111111
"728",2050,"CCSM4",69.52929688,"rcp85",20.8496093777778
"729",2051,"CCSM4",69.670578,"rcp85",20.9280988888889
"730",2052,"CCSM4",69.68579102,"rcp85",20.9365505666667
"731",2053,"CCSM4",70.34173584,"rcp85",21.3009643555556
"732",2054,"CCSM4",69.92721558,"rcp85",21.0706753222222
"733",2055,"CCSM4",71.60164642,"rcp85",22.0009146777778
"734",2056,"CCSM4",69.05270386,"rcp85",20.5848354777778
"735",2057,"CCSM4",72.01715088,"rcp85",22.2317504888889
"736",2058,"CCSM4",69.3495636,"rcp85",20.7497575555556
"737",2059,"CCSM4",70.15007782,"rcp85",21.1944876777778
"738",2060,"CCSM4",70.17655945,"rcp85",21.2091996944444
"739",2061,"CCSM4",68.78771973,"rcp85",20.4376220722222
"740",2062,"CCSM4",70.6335907,"rcp85",21.4631059444444
"741",2063,"CCSM4",71.04194641,"rcp85",21.6899702277778
"742",2064,"CCSM4",70.74064636,"rcp85",21.5225813111111
"743",2035,"CESM1.BGC",67.13548279,"rcp85",19.5197126611111
"744",2036,"CESM1.BGC",69.09104919,"rcp85",20.6061384388889
"745",2037,"CESM1.BGC",69.21739197,"rcp85",20.6763288722222
"746",2038,"CESM1.BGC",65.90880585,"rcp85",18.8382254722222
"747",2039,"CESM1.BGC",68.25344849,"rcp85",20.1408047166667
"748",2040,"CESM1.BGC",66.60484314,"rcp85",19.2249128555556
"749",2041,"CESM1.BGC",67.78401184,"rcp85",19.8800065777778
"750",2042,"CESM1.BGC",67.02639008,"rcp85",19.4591056
"751",2043,"CESM1.BGC",69.18487549,"rcp85",20.6582641611111
"752",2044,"CESM1.BGC",66.62516785,"rcp85",19.2362043611111
"753",2045,"CESM1.BGC",68.14440918,"rcp85",20.0802273222222
"754",2046,"CESM1.BGC",70.34771729,"rcp85",21.3042873833333
"755",2047,"CESM1.BGC",67.44677734,"rcp85",19.6926540777778
"756",2048,"CESM1.BGC",68.80853271,"rcp85",20.4491848388889
"757",2049,"CESM1.BGC",67.44920349,"rcp85",19.6940019388889
"758",2050,"CESM1.BGC",69.55010986,"rcp85",20.8611721444444
"759",2051,"CESM1.BGC",71.5189209,"rcp85",21.9549560555556
"760",2052,"CESM1.BGC",69.50639343,"rcp85",20.8368852388889
"761",2053,"CESM1.BGC",70.8309021,"rcp85",21.5727233888889
"762",2054,"CESM1.BGC",71.22157288,"rcp85",21.7897627111111
"763",2055,"CESM1.BGC",68.94664001,"rcp85",20.5259111166667
"764",2056,"CESM1.BGC",70.79646301,"rcp85",21.5535905611111
"765",2057,"CESM1.BGC",69.52177429,"rcp85",20.8454301611111
"766",2058,"CESM1.BGC",67.42915344,"rcp85",19.6828630222222
"767",2059,"CESM1.BGC",73.4726181,"rcp85",23.0403433888889
"768",2060,"CESM1.BGC",68.20895386,"rcp85",20.1160854777778
"769",2061,"CESM1.BGC",72.31548309,"rcp85",22.3974906055556
"770",2062,"CESM1.BGC",70.03252411,"rcp85",21.1291800611111
"771",2063,"CESM1.BGC",71.47843933,"rcp85",21.9324662944444
"772",2064,"CESM1.BGC",72.48934174,"rcp85",22.4940787444444
"773",2035,"CMCC.CMS",67.6366272,"rcp85",19.7981262222222
"774",2036,"CMCC.CMS",66.19972229,"rcp85",18.9998457166667
"775",2037,"CMCC.CMS",68.71663666,"rcp85",20.3981314777778
"776",2038,"CMCC.CMS",64.49491882,"rcp85",18.0527326777778
"777",2039,"CMCC.CMS",67.5748291,"rcp85",19.7637939444444
"778",2040,"CMCC.CMS",68.93998718,"rcp85",20.5222151
"779",2041,"CMCC.CMS",69.01782227,"rcp85",20.5654568166667
"780",2042,"CMCC.CMS",68.51311493,"rcp85",20.28506385
"781",2043,"CMCC.CMS",67.31285858,"rcp85",19.6182547666667
"782",2044,"CMCC.CMS",67.55032349,"rcp85",19.7501797166667
"783",2045,"CMCC.CMS",68.8636322,"rcp85",20.4797956666667
"784",2046,"CMCC.CMS",68.66093445,"rcp85",20.3671858055556
"785",2047,"CMCC.CMS",68.97431946,"rcp85",20.5412885888889
"786",2048,"CMCC.CMS",68.80013275,"rcp85",20.4445181944444
"787",2049,"CMCC.CMS",72.64683533,"rcp85",22.5815751833333
"788",2050,"CMCC.CMS",69.243927,"rcp85",20.6910705555556
"789",2051,"CMCC.CMS",69.17630005,"rcp85",20.6535000277778
"790",2052,"CMCC.CMS",69.46963501,"rcp85",20.8164638944444
"791",2053,"CMCC.CMS",68.51481628,"rcp85",20.2860090444444
"792",2054,"CMCC.CMS",69.27177429,"rcp85",20.7065412722222
"793",2055,"CMCC.CMS",69.8479538,"rcp85",21.026641
"794",2056,"CMCC.CMS",68.58650208,"rcp85",20.3258344888889
"795",2057,"CMCC.CMS",70.73065186,"rcp85",21.5170288111111
"796",2058,"CMCC.CMS",69.24134827,"rcp85",20.6896379277778
"797",2059,"CMCC.CMS",70.07097626,"rcp85",21.1505423666667
"798",2060,"CMCC.CMS",68.73229218,"rcp85",20.4068289888889
"799",2061,"CMCC.CMS",69.99285889,"rcp85",21.1071438277778
"800",2062,"CMCC.CMS",73.06013489,"rcp85",22.81118605
"801",2063,"CMCC.CMS",70.22451019,"rcp85",21.2358389944444
"802",2064,"CMCC.CMS",71.13928223,"rcp85",21.7440456833333
"803",2035,"CNRM.CM5",69.50721741,"rcp85",20.8373430055556
"804",2036,"CNRM.CM5",67.92985535,"rcp85",19.96103075
"805",2037,"CNRM.CM5",68.31481171,"rcp85",20.1748953944444
"806",2038,"CNRM.CM5",67.19206238,"rcp85",19.5511457666667
"807",2039,"CNRM.CM5",68.09414673,"rcp85",20.0523037388889
"808",2040,"CNRM.CM5",66.49964905,"rcp85",19.1664716944444
"809",2041,"CNRM.CM5",67.74494934,"rcp85",19.8583051888889
"810",2042,"CNRM.CM5",68.23905945,"rcp85",20.1328108055556
"811",2043,"CNRM.CM5",66.15808105,"rcp85",18.9767116944445
"812",2044,"CNRM.CM5",66.79853821,"rcp85",19.3325212277778
"813",2045,"CNRM.CM5",68.88818359,"rcp85",20.4934353277778
"814",2046,"CNRM.CM5",68.4380188,"rcp85",20.2433437777778
"815",2047,"CNRM.CM5",69.09248352,"rcp85",20.6069352888889
"816",2048,"CNRM.CM5",65.82970428,"rcp85",18.7942801555556
"817",2049,"CNRM.CM5",68.50306702,"rcp85",20.2794816777778
"818",2050,"CNRM.CM5",66.44949341,"rcp85",19.13860745
"819",2051,"CNRM.CM5",68.75662231,"rcp85",20.4203457277778
"820",2052,"CNRM.CM5",69.72880554,"rcp85",20.9604475222222
"821",2053,"CNRM.CM5",69.29330444,"rcp85",20.7185024666667
"822",2054,"CNRM.CM5",69.88085938,"rcp85",21.0449218777778
"823",2055,"CNRM.CM5",70.53063965,"rcp85",21.4059109166667
"824",2056,"CNRM.CM5",69.94825745,"rcp85",21.08236525
"825",2057,"CNRM.CM5",70.41226196,"rcp85",21.3401455333333
"826",2058,"CNRM.CM5",71.42893982,"rcp85",21.9049665666667
"827",2059,"CNRM.CM5",70.01835632,"rcp85",21.1213090666667
"828",2060,"CNRM.CM5",72.08416748,"rcp85",22.2689819333333
"829",2061,"CNRM.CM5",69.16114807,"rcp85",20.6450822611111
"830",2062,"CNRM.CM5",72.28295898,"rcp85",22.3794216555556
"831",2063,"CNRM.CM5",71.11050415,"rcp85",21.7280578611111
"832",2064,"CNRM.CM5",72.02478027,"rcp85",22.2359890388889
"833",2035,"GFDL.CM3",67.49671936,"rcp85",19.7203996444444
"834",2036,"GFDL.CM3",68.22532654,"rcp85",20.1251814111111
"835",2037,"GFDL.CM3",68.62770081,"rcp85",20.3487226722222
"836",2038,"GFDL.CM3",70.76069641,"rcp85",21.5337202277778
"837",2039,"GFDL.CM3",69.09275818,"rcp85",20.6070878777778
"838",2040,"GFDL.CM3",71.50029755,"rcp85",21.94460975
"839",2041,"GFDL.CM3",70.31427002,"rcp85",21.2857055666667
"840",2042,"GFDL.CM3",70.69390106,"rcp85",21.4966117
"841",2043,"GFDL.CM3",71.53485107,"rcp85",21.96380615
"842",2044,"GFDL.CM3",68.4520874,"rcp85",20.2511596666667
"843",2045,"GFDL.CM3",72.04258728,"rcp85",22.2458818222222
"844",2046,"GFDL.CM3",69.93370056,"rcp85",21.0742780888889
"845",2047,"GFDL.CM3",69.52303314,"rcp85",20.8461295222222
"846",2048,"GFDL.CM3",71.00761414,"rcp85",21.6708967444444
"847",2049,"GFDL.CM3",72.18843079,"rcp85",22.3269059944444
"848",2050,"GFDL.CM3",73.00036621,"rcp85",22.7779812277778
"849",2051,"GFDL.CM3",70.27559662,"rcp85",21.2642203444444
"850",2052,"GFDL.CM3",74.4730835,"rcp85",23.5961575
"851",2053,"GFDL.CM3",69.61515808,"rcp85",20.8973100444444
"852",2054,"GFDL.CM3",72.57064056,"rcp85",22.5392447555556
"853",2055,"GFDL.CM3",70.05444336,"rcp85",21.1413574222222
"854",2056,"GFDL.CM3",73.36891174,"rcp85",22.9827287444444
"855",2057,"GFDL.CM3",74.39448547,"rcp85",23.5524919277778
"856",2058,"GFDL.CM3",70.20198822,"rcp85",21.2233267888889
"857",2059,"GFDL.CM3",72.1620636,"rcp85",22.3122575555556
"858",2060,"GFDL.CM3",72.81338501,"rcp85",22.6741027833333
"859",2061,"GFDL.CM3",74.04011536,"rcp85",23.3556196444444
"860",2062,"GFDL.CM3",70.88478851,"rcp85",21.6026602833333
"861",2063,"GFDL.CM3",73.86114502,"rcp85",23.2561916777778
"862",2064,"GFDL.CM3",74.27819061,"rcp85",23.4878836722222
"863",2035,"HadGEM2.CC",68.8720932,"rcp85",20.4844962222222
"864",2036,"HadGEM2.CC",69.65816498,"rcp85",20.9212027666667
"865",2037,"HadGEM2.CC",68.07817078,"rcp85",20.0434282111111
"866",2038,"HadGEM2.CC",68.58139038,"rcp85",20.3229946555556
"867",2039,"HadGEM2.CC",70.58184052,"rcp85",21.4343558444444
"868",2040,"HadGEM2.CC",68.46592712,"rcp85",20.2588484
"869",2041,"HadGEM2.CC",68.57046509,"rcp85",20.31692505
"870",2042,"HadGEM2.CC",69.86800385,"rcp85",21.0377799166667
"871",2043,"HadGEM2.CC",71.13154602,"rcp85",21.7397477888889
"872",2044,"HadGEM2.CC",71.10786438,"rcp85",21.7265913222222
"873",2045,"HadGEM2.CC",69.98121643,"rcp85",21.1006757944444
"874",2046,"HadGEM2.CC",69.88075256,"rcp85",21.0448625333333
"875",2047,"HadGEM2.CC",68.76371765,"rcp85",20.4242875833333
"876",2048,"HadGEM2.CC",69.83900452,"rcp85",21.0216691777778
"877",2049,"HadGEM2.CC",69.14251709,"rcp85",20.6347317166667
"878",2050,"HadGEM2.CC",70.96691132,"rcp85",21.6482840666667
"879",2051,"HadGEM2.CC",69.95545959,"rcp85",21.0863664388889
"880",2052,"HadGEM2.CC",70.54251099,"rcp85",21.4125061055556
"881",2053,"HadGEM2.CC",68.54854584,"rcp85",20.3047476888889
"882",2054,"HadGEM2.CC",70.3699646,"rcp85",21.316647
"883",2055,"HadGEM2.CC",72.02379608,"rcp85",22.2354422666667
"884",2056,"HadGEM2.CC",71.28556824,"rcp85",21.8253156888889
"885",2057,"HadGEM2.CC",71.05271912,"rcp85",21.6959550666667
"886",2058,"HadGEM2.CC",71.00481415,"rcp85",21.6693411944444
"887",2059,"HadGEM2.CC",70.80601501,"rcp85",21.5588972277778
"888",2060,"HadGEM2.CC",73.82928467,"rcp85",23.2384914833333
"889",2061,"HadGEM2.CC",73.0871582,"rcp85",22.826199
"890",2062,"HadGEM2.CC",71.80549622,"rcp85",22.1141645666667
"891",2063,"HadGEM2.CC",70.7219696,"rcp85",21.5122053333333
"892",2064,"HadGEM2.CC",72.14541626,"rcp85",22.3030090333333
"893",2035,"HadGEM2.ES",67.93655396,"rcp85",19.9647522
"894",2036,"HadGEM2.ES",65.69094849,"rcp85",18.7171936055556
"895",2037,"HadGEM2.ES",68.68202972,"rcp85",20.3789054
"896",2038,"HadGEM2.ES",69.10296631,"rcp85",20.6127590611111
"897",2039,"HadGEM2.ES",67.78697205,"rcp85",19.8816511388889
"898",2040,"HadGEM2.ES",67.53242493,"rcp85",19.7402360722222
"899",2041,"HadGEM2.ES",69.0461731,"rcp85",20.5812072777778
"900",2042,"HadGEM2.ES",68.65248108,"rcp85",20.3624894888889
"901",2043,"HadGEM2.ES",69.80224609,"rcp85",21.0012478277778
"902",2044,"HadGEM2.ES",68.19610596,"rcp85",20.1089477555556
"903",2045,"HadGEM2.ES",69.48397827,"rcp85",20.8244323722222
"904",2046,"HadGEM2.ES",69.03436279,"rcp85",20.5746459944444
"905",2047,"HadGEM2.ES",71.09144592,"rcp85",21.7174699555556
"906",2048,"HadGEM2.ES",70.08223724,"rcp85",21.1567984666667
"907",2049,"HadGEM2.ES",71.27464294,"rcp85",21.8192460777778
"908",2050,"HadGEM2.ES",69.79725647,"rcp85",20.9984758166667
"909",2051,"HadGEM2.ES",70.02279663,"rcp85",21.1237759055556
"910",2052,"HadGEM2.ES",71.53100586,"rcp85",21.9616699222222
"911",2053,"HadGEM2.ES",71.07579041,"rcp85",21.70877245
"912",2054,"HadGEM2.ES",70.89390564,"rcp85",21.6077253555556
"913",2055,"HadGEM2.ES",71.44399261,"rcp85",21.9133292277778
"914",2056,"HadGEM2.ES",73.27898407,"rcp85",22.9327689277778
"915",2057,"HadGEM2.ES",70.79085541,"rcp85",21.5504752277778
"916",2058,"HadGEM2.ES",73.53249359,"rcp85",23.07360755
"917",2059,"HadGEM2.ES",71.73287964,"rcp85",22.0738220222222
"918",2060,"HadGEM2.ES",74.23534393,"rcp85",23.4640799611111
"919",2061,"HadGEM2.ES",70.89176941,"rcp85",21.6065385611111
"920",2062,"HadGEM2.ES",75.37182617,"rcp85",24.0954589833333
"921",2063,"HadGEM2.ES",73.26454163,"rcp85",22.92474535
"922",2064,"HadGEM2.ES",73.50161743,"rcp85",23.0564541277778
"923",2035,"MIROC5",69.51408386,"rcp85",20.8411577
"924",2036,"MIROC5",69.65145874,"rcp85",20.9174770777778
"925",2037,"MIROC5",68.27619934,"rcp85",20.1534440777778
"926",2038,"MIROC5",69.94650269,"rcp85",21.0813903833333
"927",2039,"MIROC5",68.83050537,"rcp85",20.4613918722222
"928",2040,"MIROC5",69.12214661,"rcp85",20.6234147833333
"929",2041,"MIROC5",69.6219635,"rcp85",20.9010908333333
"930",2042,"MIROC5",69.06083679,"rcp85",20.5893537722222
"931",2043,"MIROC5",69.81515503,"rcp85",21.0084194611111
"932",2044,"MIROC5",71.16949463,"rcp85",21.76083035
"933",2045,"MIROC5",70.07998657,"rcp85",21.1555480944444
"934",2046,"MIROC5",70.65093994,"rcp85",21.4727444111111
"935",2047,"MIROC5",69.83410645,"rcp85",21.0189480277778
"936",2048,"MIROC5",68.63572693,"rcp85",20.3531816277778
"937",2049,"MIROC5",70.78316498,"rcp85",21.5462027666667
"938",2050,"MIROC5",71.63362122,"rcp85",22.0186784555556
"939",2051,"MIROC5",70.13277435,"rcp85",21.1848746388889
"940",2052,"MIROC5",68.15490723,"rcp85",20.0860595722222
"941",2053,"MIROC5",72.77349854,"rcp85",22.6519436333333
"942",2054,"MIROC5",69.48738098,"rcp85",20.8263227666667
"943",2055,"MIROC5",72.18936157,"rcp85",22.3274230944444
"944",2056,"MIROC5",69.69941711,"rcp85",20.9441206166667
"945",2057,"MIROC5",71.38845825,"rcp85",21.8824768055556
"946",2058,"MIROC5",68.89697266,"rcp85",20.4983181444444
"947",2059,"MIROC5",69.52737427,"rcp85",20.8485412611111
"948",2060,"MIROC5",69.80142212,"rcp85",21.0007900666667
"949",2061,"MIROC5",70.18507385,"rcp85",21.2139299166667
"950",2062,"MIROC5",73.21102905,"rcp85",22.8950161388889
"951",2063,"MIROC5",71.56176758,"rcp85",21.9787597666667
"952",2064,"MIROC5",71.30270386,"rcp85",21.8348354777778
