"","year","model","precip","scenario","precipcm"
"1",1960,"Observed",9.187077301,"hist",23.33517634454
"2",1961,"Observed",8.868069456,"hist",22.52489641824
"3",1962,"Observed",9.864368127,"hist",25.05549504258
"4",1963,"Observed",12.78126026,"hist",32.4644010604
"5",1964,"Observed",10.54983339,"hist",26.7965768106
"6",1965,"Observed",13.32796047,"hist",33.8530195938
"7",1966,"Observed",7.019817058,"hist",17.83033532732
"8",1967,"Observed",11.92585079,"hist",30.2916610066
"9",1968,"Observed",10.14314506,"hist",25.7635884524
"10",1969,"Observed",13.13686388,"hist",33.3676342552
"11",1970,"Observed",11.04514083,"hist",28.0546577082
"12",1971,"Observed",11.4861573,"hist",29.174839542
"13",1972,"Observed",9.130593399,"hist",23.19170723346
"14",1973,"Observed",11.10514164,"hist",28.2070597656
"15",1974,"Observed",8.174783419,"hist",20.76394988426
"16",1975,"Observed",11.19098216,"hist",28.4250946864
"17",1976,"Observed",10.36239703,"hist",26.3204884562
"18",1977,"Observed",10.22800303,"hist",25.9791276962
"19",1978,"Observed",14.29378555,"hist",36.306215297
"20",1979,"Observed",10.3250205,"hist",26.22555207
"21",1980,"Observed",13.19173097,"hist",33.5069966638
"22",1981,"Observed",10.89507681,"hist",27.6734950974
"23",1982,"Observed",13.79649385,"hist",35.043094379
"24",1983,"Observed",18.43424517,"hist",46.8229827318
"25",1984,"Observed",12.16406402,"hist",30.8967226108
"26",1985,"Observed",8.835129301,"hist",22.44122842454
"27",1986,"Observed",9.21561125,"hist",23.407652575
"28",1987,"Observed",12.31075121,"hist",31.2693080734
"29",1988,"Observed",9.386330738,"hist",23.84128007452
"30",1989,"Observed",7.682526132,"hist",19.51361637528
"31",1990,"Observed",9.141033391,"hist",23.21822481314
"32",1991,"Observed",9.852199209,"hist",25.02458599086
"33",1960,"ACCESS1.0",9.914532313,"hist",25.18291207502
"34",1961,"ACCESS1.0",12.06078618,"hist",30.6343968972
"35",1962,"ACCESS1.0",13.6563129,"hist",34.687034766
"36",1963,"ACCESS1.0",11.11593181,"hist",28.2344667974
"37",1964,"ACCESS1.0",9.636207283,"hist",24.47596649882
"38",1965,"ACCESS1.0",9.356448252,"hist",23.76537856008
"39",1966,"ACCESS1.0",11.02205297,"hist",27.9960145438
"40",1967,"ACCESS1.0",8.383769717,"hist",21.29477508118
"41",1968,"ACCESS1.0",10.88458958,"hist",27.6468575332
"42",1969,"ACCESS1.0",13.09397719,"hist",33.2587020626
"43",1970,"ACCESS1.0",8.631889636,"hist",21.92499967544
"44",1971,"ACCESS1.0",9.895251872,"hist",25.13393975488
"45",1972,"ACCESS1.0",10.45864888,"hist",26.5649681552
"46",1973,"ACCESS1.0",14.08578957,"hist",35.7779055078
"47",1974,"ACCESS1.0",10.44878996,"hist",26.5399264984
"48",1975,"ACCESS1.0",12.39123258,"hist",31.4737307532
"49",1976,"ACCESS1.0",16.77344427,"hist",42.6045484458
"50",1977,"ACCESS1.0",6.183374553,"hist",15.70577136462
"51",1978,"ACCESS1.0",12.80530916,"hist",32.5254852664
"52",1979,"ACCESS1.0",17.63138789,"hist",44.7837252406
"53",1980,"ACCESS1.0",10.3952582,"hist",26.403955828
"54",1981,"ACCESS1.0",8.293240117,"hist",21.06482989718
"55",1982,"ACCESS1.0",9.882006277,"hist",25.10029594358
"56",1983,"ACCESS1.0",9.775196911,"hist",24.82900015394
"57",1984,"ACCESS1.0",13.44538914,"hist",34.1512884156
"58",1985,"ACCESS1.0",8.62910954,"hist",21.9179382316
"59",1986,"ACCESS1.0",9.592877513,"hist",24.36590888302
"60",1987,"ACCESS1.0",8.238851321,"hist",20.92668235534
"61",1988,"ACCESS1.0",13.4342892,"hist",34.123094568
"62",1989,"ACCESS1.0",8.940729823,"hist",22.70945375042
"63",1990,"ACCESS1.0",7.959308954,"hist",20.21664474316
"64",1991,"ACCESS1.0",9.459490015,"hist",24.0271046381
"65",1960,"CanESM2",9.742789558,"hist",24.74668547732
"66",1961,"CanESM2",10.70345984,"hist",27.1867879936
"67",1962,"CanESM2",10.08033782,"hist",25.6040580628
"68",1963,"CanESM2",4.790849767,"hist",12.16875840818
"69",1964,"CanESM2",14.11591571,"hist",35.8544259034
"70",1965,"CanESM2",15.54350007,"hist",39.4804901778
"71",1966,"CanESM2",13.52054728,"hist",34.3421900912
"72",1967,"CanESM2",9.163953019,"hist",23.27644066826
"73",1968,"CanESM2",7.794782849,"hist",19.79874843646
"74",1969,"CanESM2",16.15546893,"hist",41.0348910822
"75",1970,"CanESM2",8.529099686,"hist",21.66391320244
"76",1971,"CanESM2",7.47118354,"hist",18.9768061916
"77",1972,"CanESM2",12.40802341,"hist",31.5163794614
"78",1973,"CanESM2",14.04345114,"hist",35.6703658956
"79",1974,"CanESM2",12.53652981,"hist",31.8427857174
"80",1975,"CanESM2",10.56785121,"hist",26.8423420734
"81",1976,"CanESM2",10.44844572,"hist",26.5390521288
"82",1977,"CanESM2",14.33721865,"hist",36.416535371
"83",1978,"CanESM2",6.956579384,"hist",17.66971163536
"84",1979,"CanESM2",9.181605916,"hist",23.32127902664
"85",1980,"CanESM2",7.679131424,"hist",19.50499381696
"86",1981,"CanESM2",9.705532792,"hist",24.65205329168
"87",1982,"CanESM2",10.50604072,"hist",26.6853434288
"88",1983,"CanESM2",10.60856699,"hist",26.9457601546
"89",1984,"CanESM2",10.08825656,"hist",25.6241716624
"90",1985,"CanESM2",16.93468341,"hist",43.0140958614
"91",1986,"CanESM2",10.80183628,"hist",27.4366641512
"92",1987,"CanESM2",9.224581819,"hist",23.43043782026
"93",1988,"CanESM2",7.36198946,"hist",18.6994532284
"94",1989,"CanESM2",11.3315357,"hist",28.782100678
"95",1990,"CanESM2",12.2788359,"hist",31.188243186
"96",1991,"CanESM2",9.50660166,"hist",24.1467682164
"97",1960,"CCSM4",11.98784725,"hist",30.449132015
"98",1961,"CCSM4",12.45324294,"hist",31.6312370676
"99",1962,"CCSM4",10.24063542,"hist",26.0112139668
"100",1963,"CCSM4",9.050999645,"hist",22.9895390983
"101",1964,"CCSM4",14.965588,"hist",38.01259352
"102",1965,"CCSM4",10.42971425,"hist",26.491474195
"103",1966,"CCSM4",4.973196832,"hist",12.63191995328
"104",1967,"CCSM4",8.55999252,"hist",21.7423810008
"105",1968,"CCSM4",9.76042966,"hist",24.7914913364
"106",1969,"CCSM4",10.9296534,"hist",27.761319636
"107",1970,"CCSM4",10.6317688,"hist",27.004692752
"108",1971,"CCSM4",9.437470514,"hist",23.97117510556
"109",1972,"CCSM4",8.737548305,"hist",22.1933726947
"110",1973,"CCSM4",13.21077324,"hist",33.5553640296
"111",1974,"CCSM4",17.64906108,"hist",44.8286151432
"112",1975,"CCSM4",9.866348726,"hist",25.06052576404
"113",1976,"CCSM4",7.741850099,"hist",19.66429925146
"114",1977,"CCSM4",7.19144243,"hist",18.2662637722
"115",1978,"CCSM4",13.14725313,"hist",33.3940229502
"116",1979,"CCSM4",10.78249526,"hist",27.3875379604
"117",1980,"CCSM4",9.739052954,"hist",24.73719450316
"118",1981,"CCSM4",7.828249316,"hist",19.88375326264
"119",1982,"CCSM4",8.078515326,"hist",20.51942892804
"120",1983,"CCSM4",12.16775476,"hist",30.9060970904
"121",1984,"CCSM4",16.01448507,"hist",40.6767920778
"122",1985,"CCSM4",8.342864203,"hist",21.19087507562
"123",1986,"CCSM4",5.644122641,"hist",14.33607150814
"124",1987,"CCSM4",8.992189458,"hist",22.84016122332
"125",1988,"CCSM4",15.69101072,"hist",39.8551672288
"126",1989,"CCSM4",8.293146385,"hist",21.0645918179
"127",1990,"CCSM4",7.375541459,"hist",18.73387530586
"128",1991,"CCSM4",12.38274998,"hist",31.4521849492
"129",1960,"CESM1.BGC",9.267300548,"hist",23.53894339192
"130",1961,"CESM1.BGC",10.27428579,"hist",26.0966859066
"131",1962,"CESM1.BGC",8.727335238,"hist",22.16743150452
"132",1963,"CESM1.BGC",8.455784837,"hist",21.47769348598
"133",1964,"CESM1.BGC",9.731954567,"hist",24.71916460018
"134",1965,"CESM1.BGC",15.56264352,"hist",39.5291145408
"135",1966,"CESM1.BGC",6.938848013,"hist",17.62467395302
"136",1967,"CESM1.BGC",9.287976004,"hist",23.59145905016
"137",1968,"CESM1.BGC",8.352845998,"hist",21.21622883492
"138",1969,"CESM1.BGC",14.71762005,"hist",37.382754927
"139",1970,"CESM1.BGC",8.211738501,"hist",20.85781579254
"140",1971,"CESM1.BGC",13.58710836,"hist",34.5112552344
"141",1972,"CESM1.BGC",10.45527916,"hist",26.5564090664
"142",1973,"CESM1.BGC",8.876065839,"hist",22.54520723106
"143",1974,"CESM1.BGC",9.041037225,"hist",22.9642345515
"144",1975,"CESM1.BGC",15.75564858,"hist",40.0193473932
"145",1976,"CESM1.BGC",9.933840277,"hist",25.23195430358
"146",1977,"CESM1.BGC",10.12521023,"hist",25.7180339842
"147",1978,"CESM1.BGC",16.73611698,"hist",42.5097371292
"148",1979,"CESM1.BGC",10.00352018,"hist",25.4089412572
"149",1980,"CESM1.BGC",10.74634933,"hist",27.2957272982
"150",1981,"CESM1.BGC",19.85298499,"hist",50.4265818746
"151",1982,"CESM1.BGC",12.0091532,"hist",30.503249128
"152",1983,"CESM1.BGC",10.99631613,"hist",27.9306429702
"153",1984,"CESM1.BGC",9.565614045,"hist",24.2966596743
"154",1985,"CESM1.BGC",6.583865072,"hist",16.72301728288
"155",1986,"CESM1.BGC",7.007412314,"hist",17.79882727756
"156",1987,"CESM1.BGC",9.987881791,"hist",25.36921974914
"157",1988,"CESM1.BGC",6.237457571,"hist",15.84314223034
"158",1989,"CESM1.BGC",10.99620659,"hist",27.9303647386
"159",1990,"CESM1.BGC",9.848136869,"hist",25.01426764726
"160",1991,"CESM1.BGC",7.436741082,"hist",18.88932234828
"161",1960,"CMCC.CMS",12.34379257,"hist",31.3532331278
"162",1961,"CMCC.CMS",7.949200863,"hist",20.19097019202
"163",1962,"CMCC.CMS",10.47740515,"hist",26.612609081
"164",1963,"CMCC.CMS",9.459658864,"hist",24.02753351456
"165",1964,"CMCC.CMS",13.53913115,"hist",34.389393121
"166",1965,"CMCC.CMS",11.08123582,"hist",28.1463389828
"167",1966,"CMCC.CMS",9.767342147,"hist",24.80904905338
"168",1967,"CMCC.CMS",17.54692211,"hist",44.5691821594
"169",1968,"CMCC.CMS",12.59273325,"hist",31.985542455
"170",1969,"CMCC.CMS",9.599167193,"hist",24.38188467022
"171",1970,"CMCC.CMS",13.87260898,"hist",35.2364268092
"172",1971,"CMCC.CMS",11.17385895,"hist",28.381601733
"173",1972,"CMCC.CMS",10.06769175,"hist",25.571937045
"174",1973,"CMCC.CMS",5.33718122,"hist",13.5564402988
"175",1974,"CMCC.CMS",9.457802985,"hist",24.0228195819
"176",1975,"CMCC.CMS",13.3264435,"hist",33.84916649
"177",1976,"CMCC.CMS",11.57047468,"hist",29.3890056872
"178",1977,"CMCC.CMS",11.75209162,"hist",29.8503127148
"179",1978,"CMCC.CMS",7.835091168,"hist",19.90113156672
"180",1979,"CMCC.CMS",10.95416509,"hist",27.8235793286
"181",1980,"CMCC.CMS",8.986333877,"hist",22.82528804758
"182",1981,"CMCC.CMS",11.70709727,"hist",29.7360270658
"183",1982,"CMCC.CMS",7.5751078,"hist",19.240773812
"184",1983,"CMCC.CMS",10.71298809,"hist",27.2109897486
"185",1984,"CMCC.CMS",14.35606408,"hist",36.4644027632
"186",1985,"CMCC.CMS",10.02621384,"hist",25.4665831536
"187",1986,"CMCC.CMS",7.926444536,"hist",20.13316912144
"188",1987,"CMCC.CMS",9.028759939,"hist",22.93305024506
"189",1988,"CMCC.CMS",12.55891258,"hist",31.8996379532
"190",1989,"CMCC.CMS",12.3298986,"hist",31.317942444
"191",1990,"CMCC.CMS",7.421043964,"hist",18.84945166856
"192",1991,"CMCC.CMS",11.2280462,"hist",28.519237348
"193",1960,"CNRM.CM5",9.035707826,"hist",22.95069787804
"194",1961,"CNRM.CM5",10.04478814,"hist",25.5137618756
"195",1962,"CNRM.CM5",8.471398953,"hist",21.51735334062
"196",1963,"CNRM.CM5",14.77765769,"hist",37.5352505326
"197",1964,"CNRM.CM5",10.54598659,"hist",26.7868059386
"198",1965,"CNRM.CM5",11.67711913,"hist",29.6598825902
"199",1966,"CNRM.CM5",11.09208749,"hist",28.1739022246
"200",1967,"CNRM.CM5",8.06534368,"hist",20.4859729472
"201",1968,"CNRM.CM5",11.24444474,"hist",28.5608896396
"202",1969,"CNRM.CM5",10.03148947,"hist",25.4799832538
"203",1970,"CNRM.CM5",13.46010201,"hist",34.1886591054
"204",1971,"CNRM.CM5",9.757761992,"hist",24.78471545968
"205",1972,"CNRM.CM5",11.99185901,"hist",30.4593218854
"206",1973,"CNRM.CM5",10.51491741,"hist",26.7078902214
"207",1974,"CNRM.CM5",12.89729431,"hist",32.7591275474
"208",1975,"CNRM.CM5",12.74430489,"hist",32.3705344206
"209",1976,"CNRM.CM5",11.2331387,"hist",28.532172298
"210",1977,"CNRM.CM5",9.47916983,"hist",24.0770913682
"211",1978,"CNRM.CM5",10.82046369,"hist",27.4839777726
"212",1979,"CNRM.CM5",8.817470747,"hist",22.39637569738
"213",1980,"CNRM.CM5",9.105451834,"hist",23.12784765836
"214",1981,"CNRM.CM5",11.1156224,"hist",28.233680896
"215",1982,"CNRM.CM5",13.96168417,"hist",35.4626777918
"216",1983,"CNRM.CM5",10.15111986,"hist",25.7838444444
"217",1984,"CNRM.CM5",8.367555684,"hist",21.25359143736
"218",1985,"CNRM.CM5",14.78664166,"hist",37.5580698164
"219",1986,"CNRM.CM5",9.163753729,"hist",23.27593447166
"220",1987,"CNRM.CM5",10.88131098,"hist",27.6385298892
"221",1988,"CNRM.CM5",9.36383367,"hist",23.7841375218
"222",1989,"CNRM.CM5",10.46972205,"hist",26.593094007
"223",1990,"CNRM.CM5",7.944423743,"hist",20.17883630722
"224",1991,"CNRM.CM5",9.86289787,"hist",25.0517605898
"225",1960,"GFDL.CM3",14.36060801,"hist",36.4759443454
"226",1961,"GFDL.CM3",12.49372498,"hist",31.7340614492
"227",1962,"GFDL.CM3",14.98495736,"hist",38.0617916944
"228",1963,"GFDL.CM3",6.577969483,"hist",16.70804248682
"229",1964,"GFDL.CM3",10.1027047,"hist",25.660869938
"230",1965,"GFDL.CM3",12.68256105,"hist",32.213705067
"231",1966,"GFDL.CM3",9.816379058,"hist",24.93360280732
"232",1967,"GFDL.CM3",11.89543534,"hist",30.2144057636
"233",1968,"GFDL.CM3",10.43503705,"hist",26.504994107
"234",1969,"GFDL.CM3",15.20078372,"hist",38.6099906488
"235",1970,"GFDL.CM3",10.78918469,"hist",27.4045291126
"236",1971,"GFDL.CM3",8.149271926,"hist",20.69915069204
"237",1972,"GFDL.CM3",7.144538612,"hist",18.14712807448
"238",1973,"GFDL.CM3",6.584579305,"hist",16.7248314347
"239",1974,"GFDL.CM3",12.01998002,"hist",30.5307492508
"240",1975,"GFDL.CM3",12.45134362,"hist",31.6264127948
"241",1976,"GFDL.CM3",6.059405122,"hist",15.39088900988
"242",1977,"GFDL.CM3",7.567678188,"hist",19.22190259752
"243",1978,"GFDL.CM3",7.541156522,"hist",19.15453756588
"244",1979,"GFDL.CM3",14.75445136,"hist",37.4763064544
"245",1980,"GFDL.CM3",15.93309081,"hist",40.4700506574
"246",1981,"GFDL.CM3",8.815676991,"hist",22.39181955714
"247",1982,"GFDL.CM3",10.77807555,"hist",27.376311897
"248",1983,"GFDL.CM3",12.16961228,"hist",30.9108151912
"249",1984,"GFDL.CM3",11.87455952,"hist",30.1613811808
"250",1985,"GFDL.CM3",9.350753121,"hist",23.75091292734
"251",1986,"GFDL.CM3",11.05032719,"hist",28.0678310626
"252",1987,"GFDL.CM3",10.66789661,"hist",27.0964573894
"253",1988,"GFDL.CM3",13.12610659,"hist",33.3403107386
"254",1989,"GFDL.CM3",14.76532222,"hist",37.5039184388
"255",1990,"GFDL.CM3",7.816180372,"hist",19.85309814488
"256",1991,"GFDL.CM3",10.92661248,"hist",27.7535956992
"257",1960,"HadGEM2.CC",10.7939637,"hist",27.416667798
"258",1961,"HadGEM2.CC",14.12772833,"hist",35.8844299582
"259",1962,"HadGEM2.CC",9.685522142,"hist",24.60122624068
"260",1963,"HadGEM2.CC",11.34285373,"hist",28.8108484742
"261",1964,"HadGEM2.CC",9.906796427,"hist",25.16326292458
"262",1965,"HadGEM2.CC",14.0346354,"hist",35.647973916
"263",1966,"HadGEM2.CC",11.50215762,"hist",29.2154803548
"264",1967,"HadGEM2.CC",14.12176273,"hist",35.8692773342
"265",1968,"HadGEM2.CC",13.12314901,"hist",33.3327984854
"266",1969,"HadGEM2.CC",9.020285807,"hist",22.91152594978
"267",1970,"HadGEM2.CC",13.33950955,"hist",33.882354257
"268",1971,"HadGEM2.CC",11.65409573,"hist",29.6014031542
"269",1972,"HadGEM2.CC",9.54863633,"hist",24.2535362782
"270",1973,"HadGEM2.CC",7.745120529,"hist",19.67260614366
"271",1974,"HadGEM2.CC",8.651125099,"hist",21.97385775146
"272",1975,"HadGEM2.CC",14.77386355,"hist",37.525613417
"273",1976,"HadGEM2.CC",6.378637862,"hist",16.20174016948
"274",1977,"HadGEM2.CC",11.87753855,"hist",30.168947917
"275",1978,"HadGEM2.CC",10.16776551,"hist",25.8261243954
"276",1979,"HadGEM2.CC",8.376659079,"hist",21.27671406066
"277",1980,"HadGEM2.CC",11.1023807,"hist",28.200046978
"278",1981,"HadGEM2.CC",8.122120744,"hist",20.63018668976
"279",1982,"HadGEM2.CC",10.63559907,"hist",27.0144216378
"280",1983,"HadGEM2.CC",7.634837167,"hist",19.39248640418
"281",1984,"HadGEM2.CC",9.288087298,"hist",23.59174173692
"282",1985,"HadGEM2.CC",15.36012827,"hist",39.0147258058
"283",1986,"HadGEM2.CC",12.99657073,"hist",33.0112896542
"284",1987,"HadGEM2.CC",12.93782603,"hist",32.8620781162
"285",1988,"HadGEM2.CC",7.47756106,"hist",18.9930050924
"286",1989,"HadGEM2.CC",11.78738048,"hist",29.9399464192
"287",1990,"HadGEM2.CC",9.80275182,"hist",24.8989896228
"288",1991,"HadGEM2.CC",8.538490151,"hist",21.68776498354
"289",1960,"HadGEM2.ES",12.34298978,"hist",31.3511940412
"290",1961,"HadGEM2.ES",11.41350817,"hist",28.9903107518
"291",1962,"HadGEM2.ES",12.09251687,"hist",30.7149928498
"292",1963,"HadGEM2.ES",6.534707895,"hist",16.5981580533
"293",1964,"HadGEM2.ES",9.880130765,"hist",25.0955321431
"294",1965,"HadGEM2.ES",7.640486016,"hist",19.40683448064
"295",1966,"HadGEM2.ES",6.200273141,"hist",15.74869377814
"296",1967,"HadGEM2.ES",11.67909298,"hist",29.6648961692
"297",1968,"HadGEM2.ES",13.29881972,"hist",33.7790020888
"298",1969,"HadGEM2.ES",18.72547251,"hist",47.5627001754
"299",1970,"HadGEM2.ES",11.17180495,"hist",28.376384573
"300",1971,"HadGEM2.ES",9.571022883,"hist",24.31039812282
"301",1972,"HadGEM2.ES",7.673428046,"hist",19.49050723684
"302",1973,"HadGEM2.ES",9.464752147,"hist",24.04047045338
"303",1974,"HadGEM2.ES",7.984407814,"hist",20.28039584756
"304",1975,"HadGEM2.ES",7.715386279,"hist",19.59708114866
"305",1976,"HadGEM2.ES",13.44634594,"hist",34.1537186876
"306",1977,"HadGEM2.ES",11.51938595,"hist",29.259240313
"307",1978,"HadGEM2.ES",13.49604013,"hist",34.2799419302
"308",1979,"HadGEM2.ES",12.57159959,"hist",31.9318629586
"309",1980,"HadGEM2.ES",8.775206923,"hist",22.28902558442
"310",1981,"HadGEM2.ES",10.88284442,"hist",27.6424248268
"311",1982,"HadGEM2.ES",9.554569194,"hist",24.26860575276
"312",1983,"HadGEM2.ES",8.831273039,"hist",22.43143351906
"313",1984,"HadGEM2.ES",8.82109055,"hist",22.405569997
"314",1985,"HadGEM2.ES",8.995456828,"hist",22.84846034312
"315",1986,"HadGEM2.ES",6.008682962,"hist",15.26205472348
"316",1987,"HadGEM2.ES",7.488731426,"hist",19.02137782204
"317",1988,"HadGEM2.ES",10.94448032,"hist",27.7989800128
"318",1989,"HadGEM2.ES",14.19218455,"hist",36.048148757
"319",1990,"HadGEM2.ES",11.67430173,"hist",29.6527263942
"320",1991,"HadGEM2.ES",9.770990615,"hist",24.8183161621
"321",1960,"MIROC5",13.66470999,"hist",34.7083633746
"322",1961,"MIROC5",8.060000263,"hist",20.47240066802
"323",1962,"MIROC5",9.136358618,"hist",23.20635088972
"324",1963,"MIROC5",7.782342573,"hist",19.76715013542
"325",1964,"MIROC5",10.12812032,"hist",25.7254256128
"326",1965,"MIROC5",14.96672974,"hist",38.0154935396
"327",1966,"MIROC5",9.004397868,"hist",22.87117058472
"328",1967,"MIROC5",8.195344708,"hist",20.81617555832
"329",1968,"MIROC5",8.097003909,"hist",20.56638992886
"330",1969,"MIROC5",7.967235987,"hist",20.23677940698
"331",1970,"MIROC5",11.39771623,"hist",28.9501992242
"332",1971,"MIROC5",9.837113577,"hist",24.98626848558
"333",1972,"MIROC5",8.948430148,"hist",22.72901257592
"334",1973,"MIROC5",10.66238157,"hist",27.0824491878
"335",1974,"MIROC5",11.17533483,"hist",28.3853504682
"336",1975,"MIROC5",14.32287437,"hist",36.3801008998
"337",1976,"MIROC5",11.56118981,"hist",29.3654221174
"338",1977,"MIROC5",7.640498426,"hist",19.40686600204
"339",1978,"MIROC5",9.119392834,"hist",23.16325779836
"340",1979,"MIROC5",14.07818213,"hist",35.7585826102
"341",1980,"MIROC5",12.3397695,"hist",31.34301453
"342",1981,"MIROC5",12.48910765,"hist",31.722333431
"343",1982,"MIROC5",7.873867564,"hist",19.99962361256
"344",1983,"MIROC5",10.14155099,"hist",25.7595395146
"345",1984,"MIROC5",11.06421426,"hist",28.1031042204
"346",1985,"MIROC5",15.34613629,"hist",38.9791861766
"347",1986,"MIROC5",11.08963936,"hist",28.1676839744
"348",1987,"MIROC5",9.454806664,"hist",24.01520892656
"349",1988,"MIROC5",8.543506048,"hist",21.70050536192
"350",1989,"MIROC5",11.15236677,"hist",28.3270115958
"351",1990,"MIROC5",8.808430901,"hist",22.37341448854
"352",1991,"MIROC5",11.70861607,"hist",29.7398848178
"353",2035,"ACCESS1.0",9.015325749,"rcp45",22.89892740246
"354",2036,"ACCESS1.0",6.365967967,"rcp45",16.16955863618
"355",2037,"ACCESS1.0",9.554464183,"rcp45",24.26833902482
"356",2038,"ACCESS1.0",16.07661644,"rcp45",40.8346057576
"357",2039,"ACCESS1.0",10.05376648,"rcp45",25.5365668592
"358",2040,"ACCESS1.0",6.430625124,"rcp45",16.33378781496
"359",2041,"ACCESS1.0",9.681254854,"rcp45",24.59038732916
"360",2042,"ACCESS1.0",13.89075306,"rcp45",35.2825127724
"361",2043,"ACCESS1.0",11.62430388,"rcp45",29.5257318552
"362",2044,"ACCESS1.0",10.86816672,"rcp45",27.6051434688
"363",2045,"ACCESS1.0",9.499898691,"rcp45",24.12974267514
"364",2046,"ACCESS1.0",9.69524461,"rcp45",24.6259213094
"365",2047,"ACCESS1.0",7.200495306,"rcp45",18.28925807724
"366",2048,"ACCESS1.0",9.087983276,"rcp45",23.08347752104
"367",2049,"ACCESS1.0",10.96014875,"rcp45",27.838777825
"368",2050,"ACCESS1.0",11.78389575,"rcp45",29.931095205
"369",2051,"ACCESS1.0",6.403781519,"rcp45",16.26560505826
"370",2052,"ACCESS1.0",16.56639642,"rcp45",42.0786469068
"371",2053,"ACCESS1.0",9.793276639,"rcp45",24.87492266306
"372",2054,"ACCESS1.0",6.012879075,"rcp45",15.2727128505
"373",2055,"ACCESS1.0",17.91332699,"rcp45",45.4998505546
"374",2056,"ACCESS1.0",13.56408023,"rcp45",34.4527637842
"375",2057,"ACCESS1.0",14.63261001,"rcp45",37.1668294254
"376",2058,"ACCESS1.0",8.540474181,"rcp45",21.69280441974
"377",2059,"ACCESS1.0",8.146649912,"rcp45",20.69249077648
"378",2060,"ACCESS1.0",8.592383482,"rcp45",21.82465404428
"379",2061,"ACCESS1.0",7.308524758,"rcp45",18.56365288532
"380",2062,"ACCESS1.0",9.481921711,"rcp45",24.08408114594
"381",2063,"ACCESS1.0",11.74638803,"rcp45",29.8358255962
"382",2064,"ACCESS1.0",14.31852383,"rcp45",36.3690505282
"383",2035,"CanESM2",13.05604942,"rcp45",33.1623655268
"384",2036,"CanESM2",14.41769519,"rcp45",36.6209457826
"385",2037,"CanESM2",19.68425447,"rcp45",49.9980063538
"386",2038,"CanESM2",10.82091764,"rcp45",27.4851308056
"387",2039,"CanESM2",9.674802566,"rcp45",24.57399851764
"388",2040,"CanESM2",14.98497978,"rcp45",38.0618486412
"389",2041,"CanESM2",9.3418465,"rcp45",23.72829011
"390",2042,"CanESM2",13.01381822,"rcp45",33.0550982788
"391",2043,"CanESM2",8.603475992,"rcp45",21.85282901968
"392",2044,"CanESM2",12.2533603,"rcp45",31.123535162
"393",2045,"CanESM2",14.65038708,"rcp45",37.2119831832
"394",2046,"CanESM2",15.64621607,"rcp45",39.7413888178
"395",2047,"CanESM2",12.22332863,"rcp45",31.0472547202
"396",2048,"CanESM2",15.81422536,"rcp45",40.1681324144
"397",2049,"CanESM2",11.02017059,"rcp45",27.9912332986
"398",2050,"CanESM2",12.49562093,"rcp45",31.7388771622
"399",2051,"CanESM2",11.28421743,"rcp45",28.6619122722
"400",2052,"CanESM2",13.50376826,"rcp45",34.2995713804
"401",2053,"CanESM2",10.02429759,"rcp45",25.4617158786
"402",2054,"CanESM2",12.74916614,"rcp45",32.3828819956
"403",2055,"CanESM2",13.18353454,"rcp45",33.4861777316
"404",2056,"CanESM2",12.4058845,"rcp45",31.51094663
"405",2057,"CanESM2",12.76210685,"rcp45",32.415751399
"406",2058,"CanESM2",14.22852238,"rcp45",36.1404468452
"407",2059,"CanESM2",15.32803396,"rcp45",38.9332062584
"408",2060,"CanESM2",15.02471105,"rcp45",38.162766067
"409",2061,"CanESM2",13.42503452,"rcp45",34.0995876808
"410",2062,"CanESM2",14.69915977,"rcp45",37.3358658158
"411",2063,"CanESM2",9.91213126,"rcp45",25.1768134004
"412",2064,"CanESM2",10.08852491,"rcp45",25.6248532714
"413",2035,"CCSM4",11.71213354,"rcp45",29.7488191916
"414",2036,"CCSM4",5.494579868,"rcp45",13.95623286472
"415",2037,"CCSM4",4.815764558,"rcp45",12.23204197732
"416",2038,"CCSM4",9.756868765,"rcp45",24.7824466631
"417",2039,"CCSM4",14.81317799,"rcp45",37.6254720946
"418",2040,"CCSM4",9.724422506,"rcp45",24.70003316524
"419",2041,"CCSM4",13.65773005,"rcp45",34.690634327
"420",2042,"CCSM4",13.98876027,"rcp45",35.5314510858
"421",2043,"CCSM4",10.43324756,"rcp45",26.5004488024
"422",2044,"CCSM4",8.107523554,"rcp45",20.59310982716
"423",2045,"CCSM4",10.9584561,"rcp45",27.834478494
"424",2046,"CCSM4",6.546471406,"rcp45",16.62803737124
"425",2047,"CCSM4",6.713016928,"rcp45",17.05106299712
"426",2048,"CCSM4",15.91476907,"rcp45",40.4235134378
"427",2049,"CCSM4",13.71508469,"rcp45",34.8363151126
"428",2050,"CCSM4",9.664508727,"rcp45",24.54785216658
"429",2051,"CCSM4",6.955952131,"rcp45",17.66811841274
"430",2052,"CCSM4",10.42739289,"rcp45",26.4855779406
"431",2053,"CCSM4",9.848528696,"rcp45",25.01526288784
"432",2054,"CCSM4",7.377007737,"rcp45",18.73759965198
"433",2055,"CCSM4",9.839822534,"rcp45",24.99314923636
"434",2056,"CCSM4",9.775309207,"rcp45",24.82928538578
"435",2057,"CCSM4",8.241807018,"rcp45",20.93418982572
"436",2058,"CCSM4",10.52495378,"rcp45",26.7333826012
"437",2059,"CCSM4",12.43942031,"rcp45",31.5961275874
"438",2060,"CCSM4",15.52861059,"rcp45",39.4426708986
"439",2061,"CCSM4",12.1992867,"rcp45",30.986188218
"440",2062,"CCSM4",11.06812345,"rcp45",28.113033563
"441",2063,"CCSM4",14.43853444,"rcp45",36.6738774776
"442",2064,"CCSM4",8.891111986,"rcp45",22.58342444444
"443",2035,"CESM1.BGC",11.88572079,"rcp45",30.1897308066
"444",2036,"CESM1.BGC",12.63040036,"rcp45",32.0812169144
"445",2037,"CESM1.BGC",18.95073335,"rcp45",48.134862709
"446",2038,"CESM1.BGC",10.09386009,"rcp45",25.6384046286
"447",2039,"CESM1.BGC",7.695183639,"rcp45",19.54576644306
"448",2040,"CESM1.BGC",12.7935659,"rcp45",32.495657386
"449",2041,"CESM1.BGC",12.56835762,"rcp45",31.9236283548
"450",2042,"CESM1.BGC",10.84101976,"rcp45",27.5361901904
"451",2043,"CESM1.BGC",10.76558087,"rcp45",27.3445754098
"452",2044,"CESM1.BGC",9.19866164,"rcp45",23.3646005656
"453",2045,"CESM1.BGC",8.98691831,"rcp45",22.8267725074
"454",2046,"CESM1.BGC",13.94587189,"rcp45",35.4225146006
"455",2047,"CESM1.BGC",9.595999796,"rcp45",24.37383948184
"456",2048,"CESM1.BGC",9.843113598,"rcp45",25.00150853892
"457",2049,"CESM1.BGC",10.63128437,"rcp45",27.0034622998
"458",2050,"CESM1.BGC",10.47014096,"rcp45",26.5941580384
"459",2051,"CESM1.BGC",15.7375079,"rcp45",39.973270066
"460",2052,"CESM1.BGC",8.001371549,"rcp45",20.32348373446
"461",2053,"CESM1.BGC",10.43870501,"rcp45",26.5143107254
"462",2054,"CESM1.BGC",10.2141646,"rcp45",25.943978084
"463",2055,"CESM1.BGC",12.35943863,"rcp45",31.3929741202
"464",2056,"CESM1.BGC",14.27257169,"rcp45",36.2523320926
"465",2057,"CESM1.BGC",14.97100717,"rcp45",38.0263582118
"466",2058,"CESM1.BGC",9.307837041,"rcp45",23.64190608414
"467",2059,"CESM1.BGC",9.872052326,"rcp45",25.07501290804
"468",2060,"CESM1.BGC",8.933813279,"rcp45",22.69188572866
"469",2061,"CESM1.BGC",13.20841323,"rcp45",33.5493696042
"470",2062,"CESM1.BGC",9.036129691,"rcp45",22.95176941514
"471",2063,"CESM1.BGC",10.04514047,"rcp45",25.5146567938
"472",2064,"CESM1.BGC",18.5134452,"rcp45",47.024150808
"473",2035,"CMCC.CMS",16.65140731,"rcp45",42.2945745674
"474",2036,"CMCC.CMS",6.841902545,"rcp45",17.3784324643
"475",2037,"CMCC.CMS",8.388270714,"rcp45",21.30620761356
"476",2038,"CMCC.CMS",9.595098684,"rcp45",24.37155065736
"477",2039,"CMCC.CMS",8.994975211,"rcp45",22.84723703594
"478",2040,"CMCC.CMS",8.817258823,"rcp45",22.39583741042
"479",2041,"CMCC.CMS",6.73341718,"rcp45",17.1028796372
"480",2042,"CMCC.CMS",11.52936359,"rcp45",29.2845835186
"481",2043,"CMCC.CMS",12.23407642,"rcp45",31.0745541068
"482",2044,"CMCC.CMS",15.39629907,"rcp45",39.1065996378
"483",2045,"CMCC.CMS",10.59410974,"rcp45",26.9090387396
"484",2046,"CMCC.CMS",11.49328319,"rcp45",29.1929393026
"485",2047,"CMCC.CMS",8.58107481,"rcp45",21.7959300174
"486",2048,"CMCC.CMS",5.72952138,"rcp45",14.5529843052
"487",2049,"CMCC.CMS",17.0654805,"rcp45",43.34632047
"488",2050,"CMCC.CMS",7.160500504,"rcp45",18.18767128016
"489",2051,"CMCC.CMS",6.756736409,"rcp45",17.16211047886
"490",2052,"CMCC.CMS",8.939195675,"rcp45",22.7055570145
"491",2053,"CMCC.CMS",11.80016421,"rcp45",29.9724170934
"492",2054,"CMCC.CMS",6.304113815,"rcp45",16.0124490901
"493",2055,"CMCC.CMS",7.65313312,"rcp45",19.4389581248
"494",2056,"CMCC.CMS",10.67756666,"rcp45",27.1210193164
"495",2057,"CMCC.CMS",7.651482225,"rcp45",19.4347648515
"496",2058,"CMCC.CMS",11.9879851,"rcp45",30.449482154
"497",2059,"CMCC.CMS",8.38216963,"rcp45",21.2907108602
"498",2060,"CMCC.CMS",9.02142215,"rcp45",22.914412261
"499",2061,"CMCC.CMS",13.84656496,"rcp45",35.1702749984
"500",2062,"CMCC.CMS",6.946864252,"rcp45",17.64503520008
"501",2063,"CMCC.CMS",9.627675153,"rcp45",24.45429488862
"502",2064,"CMCC.CMS",13.50058765,"rcp45",34.291492631
"503",2035,"CNRM.CM5",14.94089686,"rcp45",37.9498780244
"504",2036,"CNRM.CM5",12.94617846,"rcp45",32.8832932884
"505",2037,"CNRM.CM5",11.26261119,"rcp45",28.6070324226
"506",2038,"CNRM.CM5",16.05628623,"rcp45",40.7829670242
"507",2039,"CNRM.CM5",11.73282849,"rcp45",29.8013843646
"508",2040,"CNRM.CM5",10.15833348,"rcp45",25.8021670392
"509",2041,"CNRM.CM5",10.41136016,"rcp45",26.4448548064
"510",2042,"CNRM.CM5",9.670368181,"rcp45",24.56273517974
"511",2043,"CNRM.CM5",9.565576718,"rcp45",24.29656486372
"512",2044,"CNRM.CM5",14.09258013,"rcp45",35.7951535302
"513",2045,"CNRM.CM5",11.5998464,"rcp45",29.463609856
"514",2046,"CNRM.CM5",13.50269229,"rcp45",34.2968384166
"515",2047,"CNRM.CM5",12.22759815,"rcp45",31.058099301
"516",2048,"CNRM.CM5",12.82255958,"rcp45",32.5693013332
"517",2049,"CNRM.CM5",11.22052453,"rcp45",28.5001323062
"518",2050,"CNRM.CM5",15.31694515,"rcp45",38.905040681
"519",2051,"CNRM.CM5",14.41374046,"rcp45",36.6109007684
"520",2052,"CNRM.CM5",9.745197947,"rcp45",24.75280278538
"521",2053,"CNRM.CM5",8.489752504,"rcp45",21.56397136016
"522",2054,"CNRM.CM5",11.4842405,"rcp45",29.16997087
"523",2055,"CNRM.CM5",16.98133205,"rcp45",43.132583407
"524",2056,"CNRM.CM5",11.97637706,"rcp45",30.4199977324
"525",2057,"CNRM.CM5",8.260666459,"rcp45",20.98209280586
"526",2058,"CNRM.CM5",12.79129568,"rcp45",32.4898910272
"527",2059,"CNRM.CM5",17.41998803,"rcp45",44.2467695962
"528",2060,"CNRM.CM5",19.67283438,"rcp45",49.9689993252
"529",2061,"CNRM.CM5",12.39632644,"rcp45",31.4866691576
"530",2062,"CNRM.CM5",9.98993696,"rcp45",25.3744398784
"531",2063,"CNRM.CM5",13.36349841,"rcp45",33.9432859614
"532",2064,"CNRM.CM5",11.53304196,"rcp45",29.2939265784
"533",2035,"GFDL.CM3",6.801210199,"rcp45",17.27507390546
"534",2036,"GFDL.CM3",12.9954018,"rcp45",33.008320572
"535",2037,"GFDL.CM3",13.17826116,"rcp45",33.4727833464
"536",2038,"GFDL.CM3",7.745237403,"rcp45",19.67290300362
"537",2039,"GFDL.CM3",7.732518576,"rcp45",19.64059718304
"538",2040,"GFDL.CM3",6.739983659,"rcp45",17.11955849386
"539",2041,"GFDL.CM3",13.34279666,"rcp45",33.8907035164
"540",2042,"GFDL.CM3",10.26455091,"rcp45",26.0719593114
"541",2043,"GFDL.CM3",14.91886495,"rcp45",37.893916973
"542",2044,"GFDL.CM3",14.4212993,"rcp45",36.630100222
"543",2045,"GFDL.CM3",10.15792671,"rcp45",25.8011338434
"544",2046,"GFDL.CM3",10.0978168,"rcp45",25.648454672
"545",2047,"GFDL.CM3",6.456328013,"rcp45",16.39907315302
"546",2048,"GFDL.CM3",10.86898195,"rcp45",27.607214153
"547",2049,"GFDL.CM3",14.15113789,"rcp45",35.9438902406
"548",2050,"GFDL.CM3",7.671726074,"rcp45",19.48618422796
"549",2051,"GFDL.CM3",9.498012918,"rcp45",24.12495281172
"550",2052,"GFDL.CM3",12.72069673,"rcp45",32.3105696942
"551",2053,"GFDL.CM3",9.022092521,"rcp45",22.91611500334
"552",2054,"GFDL.CM3",10.0125256,"rcp45",25.431815024
"553",2055,"GFDL.CM3",11.90115704,"rcp45",30.2289388816
"554",2056,"GFDL.CM3",10.80945582,"rcp45",27.4560177828
"555",2057,"GFDL.CM3",10.78709225,"rcp45",27.399214315
"556",2058,"GFDL.CM3",11.7280497,"rcp45",29.789246238
"557",2059,"GFDL.CM3",9.674186045,"rcp45",24.5724325543
"558",2060,"GFDL.CM3",9.8704949,"rcp45",25.071057046
"559",2061,"GFDL.CM3",8.717082607,"rcp45",22.14138982178
"560",2062,"GFDL.CM3",10.99696316,"rcp45",27.9322864264
"561",2063,"GFDL.CM3",14.96493992,"rcp45",38.0109473968
"562",2064,"GFDL.CM3",9.640741035,"rcp45",24.4874822289
"563",2035,"HadGEM2.CC",12.72457204,"rcp45",32.3204129816
"564",2036,"HadGEM2.CC",8.535655238,"rcp45",21.68056430452
"565",2037,"HadGEM2.CC",12.65137461,"rcp45",32.1344915094
"566",2038,"HadGEM2.CC",14.80423017,"rcp45",37.6027446318
"567",2039,"HadGEM2.CC",15.57165909,"rcp45",39.5520140886
"568",2040,"HadGEM2.CC",12.8051901,"rcp45",32.525182854
"569",2041,"HadGEM2.CC",12.32741211,"rcp45",31.3116267594
"570",2042,"HadGEM2.CC",8.932327414,"rcp45",22.68811163156
"571",2043,"HadGEM2.CC",7.787203789,"rcp45",19.77949762406
"572",2044,"HadGEM2.CC",9.2213756,"rcp45",23.422294024
"573",2045,"HadGEM2.CC",5.693956784,"rcp45",14.46265023136
"574",2046,"HadGEM2.CC",8.673529675,"rcp45",22.0307653745
"575",2047,"HadGEM2.CC",7.930896989,"rcp45",20.14447835206
"576",2048,"HadGEM2.CC",9.760953918,"rcp45",24.79282295172
"577",2049,"HadGEM2.CC",12.2492552,"rcp45",31.113108208
"578",2050,"HadGEM2.CC",10.67838244,"rcp45",27.1230913976
"579",2051,"HadGEM2.CC",13.80481823,"rcp45",35.0642383042
"580",2052,"HadGEM2.CC",13.06874652,"rcp45",33.1946161608
"581",2053,"HadGEM2.CC",15.18233925,"rcp45",38.563141695
"582",2054,"HadGEM2.CC",9.138600083,"rcp45",23.21204421082
"583",2055,"HadGEM2.CC",12.84388849,"rcp45",32.6234767646
"584",2056,"HadGEM2.CC",12.34263421,"rcp45",31.3502908934
"585",2057,"HadGEM2.CC",12.41440613,"rcp45",31.5325915702
"586",2058,"HadGEM2.CC",11.5310608,"rcp45",29.288894432
"587",2059,"HadGEM2.CC",9.817697986,"rcp45",24.93695288444
"588",2060,"HadGEM2.CC",15.45900358,"rcp45",39.2658690932
"589",2061,"HadGEM2.CC",11.04652403,"rcp45",28.0581710362
"590",2062,"HadGEM2.CC",12.5950611,"rcp45",31.991455194
"591",2063,"HadGEM2.CC",14.63787324,"rcp45",37.1801980296
"592",2064,"HadGEM2.CC",13.375721,"rcp45",33.97433134
"593",2035,"HadGEM2.ES",11.11684194,"rcp45",28.2367785276
"594",2036,"HadGEM2.ES",12.68716707,"rcp45",32.2254043578
"595",2037,"HadGEM2.ES",10.04363299,"rcp45",25.5108277946
"596",2038,"HadGEM2.ES",10.85261672,"rcp45",27.5656464688
"597",2039,"HadGEM2.ES",7.167918253,"rcp45",18.20651236262
"598",2040,"HadGEM2.ES",8.271754049,"rcp45",21.01025528446
"599",2041,"HadGEM2.ES",7.904198042,"rcp45",20.07666302668
"600",2042,"HadGEM2.ES",13.50898989,"rcp45",34.3128343206
"601",2043,"HadGEM2.ES",10.35299034,"rcp45",26.2965954636
"602",2044,"HadGEM2.ES",8.182223093,"rcp45",20.78284665622
"603",2045,"HadGEM2.ES",12.83785176,"rcp45",32.6081434704
"604",2046,"HadGEM2.ES",11.60467714,"rcp45",29.4758799356
"605",2047,"HadGEM2.ES",9.365907045,"rcp45",23.7894038943
"606",2048,"HadGEM2.ES",9.687794873,"rcp45",24.60699897742
"607",2049,"HadGEM2.ES",11.20603907,"rcp45",28.4633392378
"608",2050,"HadGEM2.ES",14.08792716,"rcp45",35.7833349864
"609",2051,"HadGEM2.ES",9.064149244,"rcp45",23.02293907976
"610",2052,"HadGEM2.ES",11.73455629,"rcp45",29.8057729766
"611",2053,"HadGEM2.ES",12.96265161,"rcp45",32.9251350894
"612",2054,"HadGEM2.ES",10.16047872,"rcp45",25.8076159488
"613",2055,"HadGEM2.ES",11.67504815,"rcp45",29.654622301
"614",2056,"HadGEM2.ES",8.413265497,"rcp45",21.36969436238
"615",2057,"HadGEM2.ES",9.84900524,"rcp45",25.0164733096
"616",2058,"HadGEM2.ES",8.9234908,"rcp45",22.665666632
"617",2059,"HadGEM2.ES",9.049806058,"rcp45",22.98650738732
"618",2060,"HadGEM2.ES",10.42600355,"rcp45",26.482049017
"619",2061,"HadGEM2.ES",9.576060248,"rcp45",24.32319302992
"620",2062,"HadGEM2.ES",11.6769136,"rcp45",29.659360544
"621",2063,"HadGEM2.ES",7.759831818,"rcp45",19.70997281772
"622",2064,"HadGEM2.ES",8.427380763,"rcp45",21.40554713802
"623",2035,"MIROC5",8.296018497,"rcp45",21.07188698238
"624",2036,"MIROC5",12.45625035,"rcp45",31.638875889
"625",2037,"MIROC5",10.99637033,"rcp45",27.9307806382
"626",2038,"MIROC5",15.73017144,"rcp45",39.9546354576
"627",2039,"MIROC5",8.304898582,"rcp45",21.09444239828
"628",2040,"MIROC5",9.799908433,"rcp45",24.89176741982
"629",2041,"MIROC5",5.80424241,"rcp45",14.7427757214
"630",2042,"MIROC5",12.16937291,"rcp45",30.9102071914
"631",2043,"MIROC5",18.74011605,"rcp45",47.599894767
"632",2044,"MIROC5",11.72240329,"rcp45",29.7749043566
"633",2045,"MIROC5",5.392131239,"rcp45",13.69601334706
"634",2046,"MIROC5",12.34037651,"rcp45",31.3445563354
"635",2047,"MIROC5",14.49340708,"rcp45",36.8132539832
"636",2048,"MIROC5",15.36651392,"rcp45",39.0309453568
"637",2049,"MIROC5",5.275460486,"rcp45",13.39966963444
"638",2050,"MIROC5",7.345134768,"rcp45",18.65664231072
"639",2051,"MIROC5",6.142097542,"rcp45",15.60092775668
"640",2052,"MIROC5",9.708434455,"rcp45",24.6594235157
"641",2053,"MIROC5",10.75250919,"rcp45",27.3113733426
"642",2054,"MIROC5",15.20565173,"rcp45",38.6223553942
"643",2055,"MIROC5",10.6912215,"rcp45",27.15570261
"644",2056,"MIROC5",9.693507328,"rcp45",24.62150861312
"645",2057,"MIROC5",8.058476424,"rcp45",20.46853011696
"646",2058,"MIROC5",9.190155676,"rcp45",23.34299541704
"647",2059,"MIROC5",15.49224991,"rcp45",39.3503147714
"648",2060,"MIROC5",14.00368894,"rcp45",35.5693699076
"649",2061,"MIROC5",8.535236906,"rcp45",21.67950174124
"650",2062,"MIROC5",5.421168778,"rcp45",13.76976869612
"651",2063,"MIROC5",8.509284384,"rcp45",21.61358233536
"652",2064,"MIROC5",7.700217124,"rcp45",19.55855149496
"653",2035,"ACCESS1.0",9.621400146,"rcp85",24.43835637084
"654",2036,"ACCESS1.0",9.367618366,"rcp85",23.79375064964
"655",2037,"ACCESS1.0",10.34340449,"rcp85",26.2722474046
"656",2038,"ACCESS1.0",11.85699715,"rcp85",30.116772761
"657",2039,"ACCESS1.0",7.513691951,"rcp85",19.08477755554
"658",2040,"ACCESS1.0",8.382447126,"rcp85",21.29141570004
"659",2041,"ACCESS1.0",12.2281639,"rcp85",31.059536306
"660",2042,"ACCESS1.0",9.706875408,"rcp85",24.65546353632
"661",2043,"ACCESS1.0",7.898283837,"rcp85",20.06164094598
"662",2044,"ACCESS1.0",8.087712853,"rcp85",20.54279064662
"663",2045,"ACCESS1.0",6.939133734,"rcp85",17.62539968436
"664",2046,"ACCESS1.0",9.65717,"rcp85",24.5292118
"665",2047,"ACCESS1.0",13.06089596,"rcp85",33.1746757384
"666",2048,"ACCESS1.0",7.773099326,"rcp85",19.74367228804
"667",2049,"ACCESS1.0",9.131239931,"rcp85",23.19334942474
"668",2050,"ACCESS1.0",8.030154213,"rcp85",20.39659170102
"669",2051,"ACCESS1.0",10.61409897,"rcp85",26.9598113838
"670",2052,"ACCESS1.0",12.67961576,"rcp85",32.2062240304
"671",2053,"ACCESS1.0",6.33968719,"rcp85",16.1028054626
"672",2054,"ACCESS1.0",11.71985618,"rcp85",29.7684346972
"673",2055,"ACCESS1.0",7.878575772,"rcp85",20.01158246088
"674",2056,"ACCESS1.0",10.31624517,"rcp85",26.2032627318
"675",2057,"ACCESS1.0",10.64513747,"rcp85",27.0386491738
"676",2058,"ACCESS1.0",5.567857752,"rcp85",14.14235869008
"677",2059,"ACCESS1.0",7.802488748,"rcp85",19.81832141992
"678",2060,"ACCESS1.0",6.845067347,"rcp85",17.38647106138
"679",2061,"ACCESS1.0",9.187379522,"rcp85",23.33594398588
"680",2062,"ACCESS1.0",11.0136449,"rcp85",27.974658046
"681",2063,"ACCESS1.0",5.785017678,"rcp85",14.69394490212
"682",2064,"ACCESS1.0",6.78725944,"rcp85",17.2396389776
"683",2035,"CanESM2",9.892378044,"rcp85",25.12664023176
"684",2036,"CanESM2",10.40284688,"rcp85",26.4232310752
"685",2037,"CanESM2",9.695622896,"rcp85",24.62688215584
"686",2038,"CanESM2",14.55173061,"rcp85",36.9613957494
"687",2039,"CanESM2",11.11783905,"rcp85",28.239311187
"688",2040,"CanESM2",11.83670897,"rcp85",30.0652407838
"689",2041,"CanESM2",14.599391,"rcp85",37.08245314
"690",2042,"CanESM2",11.28120469,"rcp85",28.6542599126
"691",2043,"CanESM2",8.208449121,"rcp85",20.84946076734
"692",2044,"CanESM2",11.44986999,"rcp85",29.0826697746
"693",2045,"CanESM2",18.06212702,"rcp85",45.8778026308
"694",2046,"CanESM2",11.94341984,"rcp85",30.3362863936
"695",2047,"CanESM2",15.42738605,"rcp85",39.185560567
"696",2048,"CanESM2",19.56107635,"rcp85",49.685133929
"697",2049,"CanESM2",13.51701854,"rcp85",34.3332270916
"698",2050,"CanESM2",19.89372903,"rcp85",50.5300717362
"699",2051,"CanESM2",13.42561491,"rcp85",34.1010618714
"700",2052,"CanESM2",10.20959837,"rcp85",25.9323798598
"701",2053,"CanESM2",10.39359093,"rcp85",26.3997209622
"702",2054,"CanESM2",10.90634545,"rcp85",27.702117443
"703",2055,"CanESM2",17.3659047,"rcp85",44.109397938
"704",2056,"CanESM2",9.160860391,"rcp85",23.26858539314
"705",2057,"CanESM2",14.68102471,"rcp85",37.2898027634
"706",2058,"CanESM2",17.80211598,"rcp85",45.2173745892
"707",2059,"CanESM2",16.74141182,"rcp85",42.5231860228
"708",2060,"CanESM2",15.95034819,"rcp85",40.5138844026
"709",2061,"CanESM2",16.54788846,"rcp85",42.0316366884
"710",2062,"CanESM2",16.97285394,"rcp85",43.1110490076
"711",2063,"CanESM2",21.24223171,"rcp85",53.9552685434
"712",2064,"CanESM2",19.77066962,"rcp85",50.2175008348
"713",2035,"CCSM4",5.946949234,"rcp85",15.10525105436
"714",2036,"CCSM4",14.73053383,"rcp85",37.4155559282
"715",2037,"CCSM4",12.71545594,"rcp85",32.2972580876
"716",2038,"CCSM4",12.75139859,"rcp85",32.3885524186
"717",2039,"CCSM4",11.02826589,"rcp85",28.0117953606
"718",2040,"CCSM4",10.67700957,"rcp85",27.1196043078
"719",2041,"CCSM4",7.077559182,"rcp85",17.97700032228
"720",2042,"CCSM4",13.61147211,"rcp85",34.5731391594
"721",2043,"CCSM4",10.95407588,"rcp85",27.8233527352
"722",2044,"CCSM4",10.98009231,"rcp85",27.8894344674
"723",2045,"CCSM4",14.47588744,"rcp85",36.7687540976
"724",2046,"CCSM4",13.61785891,"rcp85",34.5893616314
"725",2047,"CCSM4",11.20893888,"rcp85",28.4707047552
"726",2048,"CCSM4",8.925298363,"rcp85",22.67025784202
"727",2049,"CCSM4",11.11922232,"rcp85",28.2428246928
"728",2050,"CCSM4",7.467890218,"rcp85",18.96844115372
"729",2051,"CCSM4",13.10282227,"rcp85",33.2811685658
"730",2052,"CCSM4",15.34053103,"rcp85",38.9649488162
"731",2053,"CCSM4",9.559986013,"rcp85",24.28236447302
"732",2054,"CCSM4",14.08226535,"rcp85",35.768953989
"733",2055,"CCSM4",8.090269786,"rcp85",20.54928525644
"734",2056,"CCSM4",10.98238409,"rcp85",27.8952555886
"735",2057,"CCSM4",9.93843838,"rcp85",25.2436334852
"736",2058,"CCSM4",19.41461357,"rcp85",49.3131184678
"737",2059,"CCSM4",11.09972771,"rcp85",28.1933083834
"738",2060,"CCSM4",8.651743741,"rcp85",21.97542910214
"739",2061,"CCSM4",14.46444973,"rcp85",36.7397023142
"740",2062,"CCSM4",13.8047561,"rcp85",35.064080494
"741",2063,"CCSM4",14.97831878,"rcp85",38.0449297012
"742",2064,"CCSM4",10.45218459,"rcp85",26.5485488586
"743",2035,"CESM1.BGC",12.31992096,"rcp85",31.2925992384
"744",2036,"CESM1.BGC",9.603614032,"rcp85",24.39317964128
"745",2037,"CESM1.BGC",8.356702631,"rcp85",21.22602468274
"746",2038,"CESM1.BGC",14.01672281,"rcp85",35.6024759374
"747",2039,"CESM1.BGC",15.53341289,"rcp85",39.4548687406
"748",2040,"CESM1.BGC",14.93513933,"rcp85",37.9352538982
"749",2041,"CESM1.BGC",14.88454046,"rcp85",37.8067327684
"750",2042,"CESM1.BGC",9.687938624,"rcp85",24.60736410496
"751",2043,"CESM1.BGC",10.4022768,"rcp85",26.421783072
"752",2044,"CESM1.BGC",13.56473471,"rcp85",34.4544261634
"753",2045,"CESM1.BGC",12.83376854,"rcp85",32.5977720916
"754",2046,"CESM1.BGC",7.658108983,"rcp85",19.45159681682
"755",2047,"CESM1.BGC",7.948561164,"rcp85",20.18934535656
"756",2048,"CESM1.BGC",9.429827496,"rcp85",23.95176183984
"757",2049,"CESM1.BGC",11.48154961,"rcp85",29.1631360094
"758",2050,"CESM1.BGC",10.86124047,"rcp85",27.5875507938
"759",2051,"CESM1.BGC",7.040374405,"rcp85",17.8825509887
"760",2052,"CESM1.BGC",10.06359167,"rcp85",25.5615228418
"761",2053,"CESM1.BGC",9.230992314,"rcp85",23.44672047756
"762",2054,"CESM1.BGC",9.274152834,"rcp85",23.55634819836
"763",2055,"CESM1.BGC",11.9474658,"rcp85",30.346563132
"764",2056,"CESM1.BGC",10.32203236,"rcp85",26.2179621944
"765",2057,"CESM1.BGC",17.0865368,"rcp85",43.399803472
"766",2058,"CESM1.BGC",14.76872001,"rcp85",37.5125488254
"767",2059,"CESM1.BGC",5.559555827,"rcp85",14.12127180058
"768",2060,"CESM1.BGC",14.96221487,"rcp85",38.0040257698
"769",2061,"CESM1.BGC",8.179355701,"rcp85",20.77556348054
"770",2062,"CESM1.BGC",16.39462353,"rcp85",41.6423437662
"771",2063,"CESM1.BGC",10.51769524,"rcp85",26.7149459096
"772",2064,"CESM1.BGC",12.5666813,"rcp85",31.919370502
"773",2035,"CMCC.CMS",13.73958736,"rcp85",34.8985518944
"774",2036,"CMCC.CMS",14.83665864,"rcp85",37.6851129456
"775",2037,"CMCC.CMS",11.45071664,"rcp85",29.0848202656
"776",2038,"CMCC.CMS",9.996733661,"rcp85",25.39170349894
"777",2039,"CMCC.CMS",9.693974228,"rcp85",24.62269453912
"778",2040,"CMCC.CMS",6.818328631,"rcp85",17.31855472274
"779",2041,"CMCC.CMS",11.66617599,"rcp85",29.6320870146
"780",2042,"CMCC.CMS",11.02351531,"rcp85",27.9997288874
"781",2043,"CMCC.CMS",16.09527094,"rcp85",40.8819881876
"782",2044,"CMCC.CMS",10.28747229,"rcp85",26.1301796166
"783",2045,"CMCC.CMS",9.611589603,"rcp85",24.41343759162
"784",2046,"CMCC.CMS",10.79962193,"rcp85",27.4310397022
"785",2047,"CMCC.CMS",8.773306367,"rcp85",22.28419817218
"786",2048,"CMCC.CMS",10.0385135,"rcp85",25.49782429
"787",2049,"CMCC.CMS",6.240745582,"rcp85",15.85149377828
"788",2050,"CMCC.CMS",14.96819094,"rcp85",38.0192049876
"789",2051,"CMCC.CMS",10.11443083,"rcp85",25.6906543082
"790",2052,"CMCC.CMS",12.94291177,"rcp85",32.8749958958
"791",2053,"CMCC.CMS",10.50755047,"rcp85",26.6891781938
"792",2054,"CMCC.CMS",12.96040449,"rcp85",32.9194274046
"793",2055,"CMCC.CMS",9.67286938,"rcp85",24.5690882252
"794",2056,"CMCC.CMS",9.884532025,"rcp85",25.1067113435
"795",2057,"CMCC.CMS",8.978259013,"rcp85",22.80477789302
"796",2058,"CMCC.CMS",12.31431894,"rcp85",31.2783701076
"797",2059,"CMCC.CMS",13.88420817,"rcp85",35.2658887518
"798",2060,"CMCC.CMS",8.918007496,"rcp85",22.65173903984
"799",2061,"CMCC.CMS",13.14647061,"rcp85",33.3920353494
"800",2062,"CMCC.CMS",10.15986895,"rcp85",25.806067133
"801",2063,"CMCC.CMS",7.444967889,"rcp85",18.91021843806
"802",2064,"CMCC.CMS",11.08495687,"rcp85",28.1557904498
"803",2035,"CNRM.CM5",10.20159991,"rcp85",25.9120637714
"804",2036,"CNRM.CM5",11.89637894,"rcp85",30.2168025076
"805",2037,"CNRM.CM5",10.6278414,"rcp85",26.994717156
"806",2038,"CNRM.CM5",15.70525438,"rcp85",39.8913461252
"807",2039,"CNRM.CM5",9.923111664,"rcp85",25.20470362656
"808",2040,"CNRM.CM5",11.0282026,"rcp85",28.011634604
"809",2041,"CNRM.CM5",8.906810738,"rcp85",22.62329927452
"810",2042,"CNRM.CM5",10.53593871,"rcp85",26.7612843234
"811",2043,"CNRM.CM5",15.12863421,"rcp85",38.4267308934
"812",2044,"CNRM.CM5",9.801345312,"rcp85",24.89541709248
"813",2045,"CNRM.CM5",8.567571197,"rcp85",21.76163084038
"814",2046,"CNRM.CM5",14.28596962,"rcp85",36.2863628348
"815",2047,"CNRM.CM5",11.56194232,"rcp85",29.3673334928
"816",2048,"CNRM.CM5",11.77282689,"rcp85",29.9029803006
"817",2049,"CNRM.CM5",13.55069709,"rcp85",34.4187706086
"818",2050,"CNRM.CM5",17.43605212,"rcp85",44.2875723848
"819",2051,"CNRM.CM5",15.00260573,"rcp85",38.1066185542
"820",2052,"CNRM.CM5",9.596465832,"rcp85",24.37502321328
"821",2053,"CNRM.CM5",9.850197658,"rcp85",25.01950205132
"822",2054,"CNRM.CM5",12.70573913,"rcp85",32.2725773902
"823",2055,"CNRM.CM5",9.497676388,"rcp85",24.12409802552
"824",2056,"CNRM.CM5",14.92465873,"rcp85",37.9086331742
"825",2057,"CNRM.CM5",11.29241548,"rcp85",28.6827353192
"826",2058,"CNRM.CM5",12.72078465,"rcp85",32.310793011
"827",2059,"CNRM.CM5",12.08431543,"rcp85",30.6941611922
"828",2060,"CNRM.CM5",10.78023116,"rcp85",27.3817871464
"829",2061,"CNRM.CM5",11.47302974,"rcp85",29.1414955396
"830",2062,"CNRM.CM5",8.25032349,"rcp85",20.9558216646
"831",2063,"CNRM.CM5",13.90068219,"rcp85",35.3077327626
"832",2064,"CNRM.CM5",9.473236487,"rcp85",24.06202067698
"833",2035,"GFDL.CM3",12.67699743,"rcp85",32.1995734722
"834",2036,"GFDL.CM3",10.90408439,"rcp85",27.6963743506
"835",2037,"GFDL.CM3",13.27815075,"rcp85",33.726502905
"836",2038,"GFDL.CM3",11.64081061,"rcp85",29.5676589494
"837",2039,"GFDL.CM3",11.00220832,"rcp85",27.9456091328
"838",2040,"GFDL.CM3",7.96557276,"rcp85",20.2325548104
"839",2041,"GFDL.CM3",9.515662384,"rcp85",24.16978245536
"840",2042,"GFDL.CM3",7.849483483,"rcp85",19.93768804682
"841",2043,"GFDL.CM3",10.77194961,"rcp85",27.3607520094
"842",2044,"GFDL.CM3",15.52403951,"rcp85",39.4310603554
"843",2045,"GFDL.CM3",9.977244669,"rcp85",25.34220145926
"844",2046,"GFDL.CM3",11.44468443,"rcp85",29.0694984522
"845",2047,"GFDL.CM3",9.72633166,"rcp85",24.7048824164
"846",2048,"GFDL.CM3",9.503884448,"rcp85",24.13986649792
"847",2049,"GFDL.CM3",8.750604791,"rcp85",22.22653616914
"848",2050,"GFDL.CM3",7.709180732,"rcp85",19.58131905928
"849",2051,"GFDL.CM3",14.67793184,"rcp85",37.2819468736
"850",2052,"GFDL.CM3",8.475880009,"rcp85",21.52873522286
"851",2053,"GFDL.CM3",14.60997505,"rcp85",37.109336627
"852",2054,"GFDL.CM3",9.538819042,"rcp85",24.22860036668
"853",2055,"GFDL.CM3",8.96901079,"rcp85",22.7812874066
"854",2056,"GFDL.CM3",11.76100228,"rcp85",29.8729457912
"855",2057,"GFDL.CM3",10.22033116,"rcp85",25.9596411464
"856",2058,"GFDL.CM3",10.99874728,"rcp85",27.9368180912
"857",2059,"GFDL.CM3",13.85099033,"rcp85",35.1815154382
"858",2060,"GFDL.CM3",12.27449921,"rcp85",31.1772279934
"859",2061,"GFDL.CM3",10.59334416,"rcp85",26.9070941664
"860",2062,"GFDL.CM3",17.82187821,"rcp85",45.2675706534
"861",2063,"GFDL.CM3",11.23304407,"rcp85",28.5319319378
"862",2064,"GFDL.CM3",9.740782011,"rcp85",24.74158630794
"863",2035,"HadGEM2.CC",8.500745865,"rcp85",21.5918944971
"864",2036,"HadGEM2.CC",7.862458738,"rcp85",19.97064519452
"865",2037,"HadGEM2.CC",11.67948141,"rcp85",29.6658827814
"866",2038,"HadGEM2.CC",13.7357887,"rcp85",34.888903298
"867",2039,"HadGEM2.CC",7.884174397,"rcp85",20.02580296838
"868",2040,"HadGEM2.CC",10.52309376,"rcp85",26.7286581504
"869",2041,"HadGEM2.CC",10.6523294,"rcp85",27.056916676
"870",2042,"HadGEM2.CC",15.05220952,"rcp85",38.2326121808
"871",2043,"HadGEM2.CC",6.488028775,"rcp85",16.4795930885
"872",2044,"HadGEM2.CC",10.37856472,"rcp85",26.3615543888
"873",2045,"HadGEM2.CC",13.81451471,"rcp85",35.0888673634
"874",2046,"HadGEM2.CC",9.695334948,"rcp85",24.62615076792
"875",2047,"HadGEM2.CC",16.50594408,"rcp85",41.9250979632
"876",2048,"HadGEM2.CC",11.38564142,"rcp85",28.9195292068
"877",2049,"HadGEM2.CC",14.01816708,"rcp85",35.6061443832
"878",2050,"HadGEM2.CC",10.98193907,"rcp85",27.8941252378
"879",2051,"HadGEM2.CC",10.3767398,"rcp85",26.356919092
"880",2052,"HadGEM2.CC",17.95282759,"rcp85",45.6001820786
"881",2053,"HadGEM2.CC",16.66326963,"rcp85",42.3247048602
"882",2054,"HadGEM2.CC",14.34281275,"rcp85",36.430744385
"883",2055,"HadGEM2.CC",5.834945517,"rcp85",14.82076161318
"884",2056,"HadGEM2.CC",14.88644021,"rcp85",37.8115581334
"885",2057,"HadGEM2.CC",9.584603839,"rcp85",24.34489375106
"886",2058,"HadGEM2.CC",14.94759983,"rcp85",37.9669035682
"887",2059,"HadGEM2.CC",11.44099983,"rcp85",29.0601395682
"888",2060,"HadGEM2.CC",8.654786225,"rcp85",21.9831570115
"889",2061,"HadGEM2.CC",14.12665669,"rcp85",35.8817079926
"890",2062,"HadGEM2.CC",15.15266709,"rcp85",38.4877744086
"891",2063,"HadGEM2.CC",18.30834821,"rcp85",46.5032044534
"892",2064,"HadGEM2.CC",17.80969809,"rcp85",45.2366331486
"893",2035,"HadGEM2.ES",13.6888555,"rcp85",34.76969297
"894",2036,"HadGEM2.ES",15.41844573,"rcp85",39.1628521542
"895",2037,"HadGEM2.ES",10.61757581,"rcp85",26.9686425574
"896",2038,"HadGEM2.ES",13.15304711,"rcp85",33.4087396594
"897",2039,"HadGEM2.ES",16.25790826,"rcp85",41.2950869804
"898",2040,"HadGEM2.ES",10.66527554,"rcp85",27.0897998716
"899",2041,"HadGEM2.ES",8.293243475,"rcp85",21.0648384265
"900",2042,"HadGEM2.ES",8.036503753,"rcp85",20.41271953262
"901",2043,"HadGEM2.ES",10.3392174,"rcp85",26.261612196
"902",2044,"HadGEM2.ES",11.47646319,"rcp85",29.1502165026
"903",2045,"HadGEM2.ES",10.3638296,"rcp85",26.324127184
"904",2046,"HadGEM2.ES",10.20696589,"rcp85",25.9256933606
"905",2047,"HadGEM2.ES",9.30100311,"rcp85",23.6245478994
"906",2048,"HadGEM2.ES",14.44889233,"rcp85",36.7001865182
"907",2049,"HadGEM2.ES",10.49791947,"rcp85",26.6647154538
"908",2050,"HadGEM2.ES",10.56471991,"rcp85",26.8343885714
"909",2051,"HadGEM2.ES",9.703376007,"rcp85",24.64657505778
"910",2052,"HadGEM2.ES",8.767811308,"rcp85",22.27024072232
"911",2053,"HadGEM2.ES",12.22303503,"rcp85",31.0465089762
"912",2054,"HadGEM2.ES",9.655524762,"rcp85",24.52503289548
"913",2055,"HadGEM2.ES",9.461378051,"rcp85",24.03190024954
"914",2056,"HadGEM2.ES",8.823082249,"rcp85",22.41062891246
"915",2057,"HadGEM2.ES",11.18240028,"rcp85",28.4032967112
"916",2058,"HadGEM2.ES",13.09142744,"rcp85",33.2522256976
"917",2059,"HadGEM2.ES",12.18840343,"rcp85",30.9585447122
"918",2060,"HadGEM2.ES",9.480304862,"rcp85",24.07997434948
"919",2061,"HadGEM2.ES",8.901565579,"rcp85",22.60997657066
"920",2062,"HadGEM2.ES",6.111041007,"rcp85",15.52204415778
"921",2063,"HadGEM2.ES",6.156644545,"rcp85",15.6378771443
"922",2064,"HadGEM2.ES",13.43460854,"rcp85",34.1239056916
"923",2035,"MIROC5",7.022114003,"rcp85",17.83616956762
"924",2036,"MIROC5",12.46938162,"rcp85",31.6722293148
"925",2037,"MIROC5",7.346725804,"rcp85",18.66068354216
"926",2038,"MIROC5",11.31103157,"rcp85",28.7300201878
"927",2039,"MIROC5",11.04406459,"rcp85",28.0519240586
"928",2040,"MIROC5",11.42503188,"rcp85",29.0195809752
"929",2041,"MIROC5",9.56936633,"rcp85",24.3061904782
"930",2042,"MIROC5",11.23640006,"rcp85",28.5404561524
"931",2043,"MIROC5",8.965214425,"rcp85",22.7716446395
"932",2044,"MIROC5",8.984025698,"rcp85",22.81942527292
"933",2045,"MIROC5",8.242107961,"rcp85",20.93495422094
"934",2046,"MIROC5",9.719227811,"rcp85",24.68683863994
"935",2047,"MIROC5",10.37843362,"rcp85",26.3612213948
"936",2048,"MIROC5",12.54334232,"rcp85",31.8600894928
"937",2049,"MIROC5",5.708893935,"rcp85",14.5005905949
"938",2050,"MIROC5",8.655242774,"rcp85",21.98431664596
"939",2051,"MIROC5",9.520121625,"rcp85",24.1811089275
"940",2052,"MIROC5",13.93602155,"rcp85",35.397494737
"941",2053,"MIROC5",11.71261571,"rcp85",29.7500439034
"942",2054,"MIROC5",11.13934364,"rcp85",28.2939328456
"943",2055,"MIROC5",7.558422628,"rcp85",19.19839347512
"944",2056,"MIROC5",7.664197526,"rcp85",19.46706171604
"945",2057,"MIROC5",10.51323261,"rcp85",26.7036108294
"946",2058,"MIROC5",11.6813367,"rcp85",29.670595218
"947",2059,"MIROC5",15.6580366,"rcp85",39.771412964
"948",2060,"MIROC5",14.54908842,"rcp85",36.9546845868
"949",2061,"MIROC5",8.804511422,"rcp85",22.36345901188
"950",2062,"MIROC5",7.800845736,"rcp85",19.81414816944
"951",2063,"MIROC5",7.464481155,"rcp85",18.9597821337
"952",2064,"MIROC5",10.61086287,"rcp85",26.9515916898
